{
  "Event": {
    "#attributes": {
      "xmlns": "http://schemas.microsoft.com/win/2004/08/events/event"
    },
    "System": {
      "Provider": {
        "#attributes": {
          "Name": "Microsoft-Windows-Sysmon",
          "Guid": "5770385F-C22A-43E0-BF4C-06F5698FFBD9"
        }
      },
      "EventID": 1,
      "Version": 5,
      "Level": 4,
      "Task": 1,
      "Opcode": 0,
      "Keywords": "0x8000000000000000",
      "TimeCreated": {
        "#attributes": {
          "SystemTime": "2025-11-27T08:12:45.123135Z"
        }
      },
      "EventRecordID": 733841,
      "Correlation": null,
      "Execution": {
        "#attributes": {
          "ProcessID": 3544,
          "ThreadID": 4264
        }
      },
      "Channel": "Microsoft-Windows-Sysmon/Operational",
      "Computer": "swachchhanda",
      "Security": {
        "#attributes": {
          "UserID": "S-1-5-18"
        }
      }
    },
    "EventData": {
      "RuleName": "-",
      "UtcTime": "2025-11-27 08:12:45.093",
      "ProcessGuid": "0197231E-07FD-6928-290C-000000000D00",
      "ProcessId": 9388,
      "Image": "C:\\Users\\xodih\\Downloads\\EDRFreeze-gnu.exe",
      "FileVersion": "-",
      "Description": "-",
      "Product": "-",
      "Company": "-",
      "OriginalFileName": "-",
      "CommandLine": "EDRFreeze-gnu.exe  3472 10000",
      "CurrentDirectory": "C:\\Users\\xodih\\Downloads\\",
      "User": "swachchhanda\\xodih",
      "LogonGuid": "0197231E-B736-6923-B25C-3B0000000000",
      "LogonId": "0x3b5cb2",
      "TerminalSessionId": 1,
      "IntegrityLevel": "High",
      "Hashes": "SHA1=67582B0B646E9E23846A8A9D9E412DCFABC0CCA0,MD5=A3BE334229BEBE056335780502747595,SHA256=0502C36D1F146A6B6BE31F7D7D65FEEF96A3FB3F3743DFFC38BB47AE426849F3,IMPHASH=AB8BB31EDD91D2A05FE7B62A535E9EB7",
      "ParentProcessGuid": "0197231E-CC5A-6927-B80A-000000000D00",
      "ParentProcessId": 4952,
      "ParentImage": "C:\\Windows\\System32\\cmd.exe",
      "ParentCommandLine": "\"C:\\WINDOWS\\system32\\cmd.exe\"",
      "ParentUser": "swachchhanda\\xodih"
    }
  }
}
