{
  "Event": {
    "#attributes": {
      "xmlns": "http://schemas.microsoft.com/win/2004/08/events/event"
    },
    "System": {
      "Provider": {
        "#attributes": {
          "Name": "Microsoft-Windows-Sysmon",
          "Guid": "5770385F-C22A-43E0-BF4C-06F5698FFBD9"
        }
      },
      "EventID": 1,
      "Version": 5,
      "Level": 4,
      "Task": 1,
      "Opcode": 0,
      "Keywords": "0x8000000000000000",
      "TimeCreated": {
        "#attributes": {
          "SystemTime": "2025-10-22T20:26:58.441823Z"
        }
      },
      "EventRecordID": 256793,
      "Correlation": null,
      "Execution": {
        "#attributes": {
          "ProcessID": 3168,
          "ThreadID": 4580
        }
      },
      "Channel": "Microsoft-Windows-Sysmon/Operational",
      "Computer": "ar-win-1",
      "Security": {
        "#attributes": {
          "UserID": "S-1-5-18"
        }
      }
    },
    "EventData": {
      "RuleName": "-",
      "UtcTime": "2025-10-22 20:26:58.421",
      "ProcessGuid": "5AB40FD1-3E12-68F9-1A31-000000003B02",
      "ProcessId": 6856,
      "Image": "C:\\Users\\Administrator\\Downloads\\testdata\\renamed-AdFind.exe",
      "FileVersion": "1.52.0.5064",
      "Description": "-",
      "Product": "AdFind",
      "Company": "www.joeware.net",
      "OriginalFileName": "AdFind.exe",
      "CommandLine": "renamed-AdFind.exe",
      "CurrentDirectory": "C:\\Users\\Administrator\\Downloads\\testdata\\",
      "User": "AR-WIN-1\\Administrator",
      "LogonGuid": "5AB40FD1-8D74-68F7-E44B-100000000000",
      "LogonId": "0x104be4",
      "TerminalSessionId": 2,
      "IntegrityLevel": "High",
      "Hashes": "MD5=12011C44955FD6631113F68A99447515,SHA256=C92C158D7C37FEA795114FA6491FE5F145AD2F8C08776B18AE79DB811E8E36A3,IMPHASH=12CE1C0F3F5837ECC18A3782408FA975",
      "ParentProcessGuid": "5AB40FD1-3E0C-68F9-1731-000000003B02",
      "ParentProcessId": 8252,
      "ParentImage": "C:\\Windows\\System32\\cmd.exe",
      "ParentCommandLine": "\"C:\\Windows\\system32\\cmd.exe\"",
      "ParentUser": "AR-WIN-1\\Administrator"
    }
  }
}
