{
  "Event": {
    "#attributes": {
      "xmlns": "http://schemas.microsoft.com/win/2004/08/events/event"
    },
    "System": {
      "Provider": {
        "#attributes": {
          "Name": "Microsoft-Windows-Sysmon",
          "Guid": "5770385F-C22A-43E0-BF4C-06F5698FFBD9"
        }
      },
      "EventID": 1,
      "Version": 5,
      "Level": 4,
      "Task": 1,
      "Opcode": 0,
      "Keywords": "0x8000000000000000",
      "TimeCreated": {
        "#attributes": {
          "SystemTime": "2025-12-10T04:33:20.562782Z"
        }
      },
      "EventRecordID": 18463,
      "Correlation": null,
      "Execution": {
        "#attributes": {
          "ProcessID": 3208,
          "ThreadID": 1724
        }
      },
      "Channel": "Microsoft-Windows-Sysmon/Operational",
      "Computer": "swachchhanda",
      "Security": {
        "#attributes": {
          "UserID": "S-1-5-18"
        }
      }
    },
    "EventData": {
      "RuleName": "-",
      "UtcTime": "2025-12-10 04:33:20.557",
      "ProcessGuid": "0197231E-F810-6938-B710-000000000800",
      "ProcessId": 7732,
      "Image": "C:\\Windows\\System32\\bitsadmin.exe",
      "FileVersion": "7.8.26100.1 (WinBuild.160101.0800)",
      "Description": "BITS administration utility",
      "Product": "Microsoft® Windows® Operating System",
      "Company": "Microsoft Corporation",
      "OriginalFileName": "bitsadmin.exe",
      "CommandLine": "bitsadmin  /transfer n https://www.atomicredteam.io/atomic-red-team/atomics/T1218.011 hello.html",
      "CurrentDirectory": "C:\\Users\\xodih\\AppData\\Local\\Temp\\",
      "User": "swachchhanda\\xodih",
      "LogonGuid": "0197231E-AB9F-67AA-FB17-030000000000",
      "LogonId": "0x317fb",
      "TerminalSessionId": 1,
      "IntegrityLevel": "Medium",
      "Hashes": "MD5=4FCFE1D61E6D962F06CE2B61FC11BC0F,SHA256=6FEB16602A2FD1158C6F7E56E3B05A5E9AC01E88089535978C890EC6954A5AFA,IMPHASH=44794EEDDEB70144ABA2F1483E762F30",
      "ParentProcessGuid": "00000000-0000-0000-0000-000000000000",
      "ParentProcessId": 14736,
      "ParentImage": "-",
      "ParentCommandLine": "-",
      "ParentUser": "-"
    }
  }
}
