{
  "Event": {
    "#attributes": {
      "xmlns": "http://schemas.microsoft.com/win/2004/08/events/event"
    },
    "System": {
      "Provider": {
        "#attributes": {
          "Name": "Microsoft-Windows-Sysmon",
          "Guid": "5770385F-C22A-43E0-BF4C-06F5698FFBD9"
        }
      },
      "EventID": 1,
      "Version": 5,
      "Level": 4,
      "Task": 1,
      "Opcode": 0,
      "Keywords": "0x8000000000000000",
      "TimeCreated": {
        "#attributes": {
          "SystemTime": "2025-10-25T17:33:00.990279Z"
        }
      },
      "EventRecordID": 11989935,
      "Correlation": null,
      "Execution": {
        "#attributes": {
          "ProcessID": 3308,
          "ThreadID": 4008
        }
      },
      "Channel": "Microsoft-Windows-Sysmon/Operational",
      "Computer": "ar-win-dc.attackrange.local",
      "Security": {
        "#attributes": {
          "UserID": "S-1-5-18"
        }
      }
    },
    "EventData": {
      "RuleName": "-",
      "UtcTime": "2025-10-25 17:33:00.989",
      "ProcessGuid": "5AA13A44-09CC-68FD-4336-000000004002",
      "ProcessId": 1060,
      "Image": "C:\\Windows\\System32\\clip.exe",
      "FileVersion": "10.0.20348.1 (WinBuild.160101.0800)",
      "Description": "Clip - copies the data into clipboard",
      "Product": "Microsoft® Windows® Operating System",
      "Company": "Microsoft Corporation",
      "OriginalFileName": "clip.exe",
      "CommandLine": "clip",
      "CurrentDirectory": "C:\\Users\\Administrator\\",
      "User": "ATTACKRANGE\\Administrator",
      "LogonGuid": "5AA13A44-568F-68FB-E39A-520000000000",
      "LogonId": "0x529ae3",
      "TerminalSessionId": 2,
      "IntegrityLevel": "High",
      "Hashes": "SHA1=F3F4BE6C6A42072CBB74D05E3EBE285FB24C56CF,MD5=61C8E9DEC5E3AEA798C2862CD4565CCA,SHA256=ABAF131EA0A608072574D7C77A6EE5175CA13E361DE18146A54A78CBD868BFF3,IMPHASH=FFEDF33A1AF6412E26F1F659C12D5FF7",
      "ParentProcessGuid": "5AA13A44-08B2-68FD-2136-000000004002",
      "ParentProcessId": 3204,
      "ParentImage": "C:\\Windows\\System32\\cmd.exe",
      "ParentCommandLine": "\"C:\\Windows\\system32\\cmd.exe\"",
      "ParentUser": "ATTACKRANGE\\Administrator"
    }
  }
}
