{
  "Event": {
    "#attributes": {
      "xmlns": "http://schemas.microsoft.com/win/2004/08/events/event"
    },
    "System": {
      "Provider": {
        "#attributes": {
          "Name": "Microsoft-Windows-Sysmon",
          "Guid": "5770385F-C22A-43E0-BF4C-06F5698FFBD9"
        }
      },
      "EventID": 1,
      "Version": 5,
      "Level": 4,
      "Task": 1,
      "Opcode": 0,
      "Keywords": "0x8000000000000000",
      "TimeCreated": {
        "#attributes": {
          "SystemTime": "2025-10-25T17:38:32.006926Z"
        }
      },
      "EventRecordID": 12090706,
      "Correlation": null,
      "Execution": {
        "#attributes": {
          "ProcessID": 3308,
          "ThreadID": 4008
        }
      },
      "Channel": "Microsoft-Windows-Sysmon/Operational",
      "Computer": "ar-win-dc.attackrange.local",
      "Security": {
        "#attributes": {
          "UserID": "S-1-5-18"
        }
      }
    },
    "EventData": {
      "RuleName": "-",
      "UtcTime": "2025-10-25 17:38:32.006",
      "ProcessGuid": "5AA13A44-0B18-68FD-6336-000000004002",
      "ProcessId": 7232,
      "Image": "C:\\Windows\\System32\\conhost.exe",
      "FileVersion": "10.0.20348.4294 (WinBuild.160101.0800)",
      "Description": "Console Window Host",
      "Product": "Microsoft® Windows® Operating System",
      "Company": "Microsoft Corporation",
      "OriginalFileName": "CONHOST.EXE",
      "CommandLine": "conhost  --headless powershell calc",
      "CurrentDirectory": "C:\\Users\\Administrator\\Downloads\\",
      "User": "ATTACKRANGE\\Administrator",
      "LogonGuid": "5AA13A44-568F-68FB-E39A-520000000000",
      "LogonId": "0x529ae3",
      "TerminalSessionId": 2,
      "IntegrityLevel": "High",
      "Hashes": "SHA1=061B747FBA99B050D8874167AAD6D1D790F8A3A8,MD5=7E13A7EA7BD3601760E3838D99E31710,SHA256=D7714ECAE976F14B3AFA409FF5A3616E8D6D0CCE8269E611D7835A7C12235D6B,IMPHASH=AFF4D1EA89D0D66F7D04180143E61D12",
      "ParentProcessGuid": "5AA13A44-08B2-68FD-2136-000000004002",
      "ParentProcessId": 3204,
      "ParentImage": "C:\\Windows\\System32\\cmd.exe",
      "ParentCommandLine": "\"C:\\Windows\\system32\\cmd.exe\"",
      "ParentUser": "ATTACKRANGE\\Administrator"
    }
  }
}
