{
  "Event": {
    "#attributes": {
      "xmlns": "http://schemas.microsoft.com/win/2004/08/events/event"
    },
    "System": {
      "Provider": {
        "#attributes": {
          "Name": "Microsoft-Windows-Sysmon",
          "Guid": "5770385F-C22A-43E0-BF4C-06F5698FFBD9"
        }
      },
      "EventID": 1,
      "Version": 5,
      "Level": 4,
      "Task": 1,
      "Opcode": 0,
      "Keywords": "0x8000000000000000",
      "TimeCreated": {
        "#attributes": {
          "SystemTime": "2026-01-23T04:01:30.178887Z"
        }
      },
      "EventRecordID": 23388,
      "Correlation": null,
      "Execution": {
        "#attributes": {
          "ProcessID": 3208,
          "ThreadID": 1724
        }
      },
      "Channel": "Microsoft-Windows-Sysmon/Operational",
      "Computer": "swachchhanda",
      "Security": {
        "#attributes": {
          "UserID": "S-1-5-18"
        }
      }
    },
    "EventData": {
      "RuleName": "-",
      "UtcTime": "2026-01-23 04:01:30.177",
      "ProcessGuid": "0197231E-F29A-6972-6716-000000000800",
      "ProcessId": 12200,
      "Image": "C:\\Users\\xodih\\Downloads\\kdu.exe",
      "FileVersion": "1.1.1.2105",
      "Description": "Kernel Driver Utility",
      "Product": "KDU",
      "Company": "UG North",
      "OriginalFileName": "Hamakaze.exe",
      "CommandLine": "\"C:\\Users\\xodih\\Downloads\\kdu.exe\"  -prv 1 -map MyDriver.sys",
      "CurrentDirectory": "C:\\Users\\xodih\\Downloads\\",
      "User": "swachchhanda\\xodih",
      "LogonGuid": "0197231E-AB9F-67AA-FB17-030000000000",
      "LogonId": "0x317fb",
      "TerminalSessionId": 1,
      "IntegrityLevel": "Medium",
      "Hashes": "MD5=8ED32ACE2FBCE50296D3A1A16D963BA7,SHA256=5A08ECB2FAD5D5C701B4EC42BD0FAB7B7B4616673B2D8FBD76557203C5340A0F,IMPHASH=404E2902C47CF33EE0616252BFBCF67B",
      "ParentProcessGuid": "0197231E-F25A-6972-5F16-000000000800",
      "ParentProcessId": 13764,
      "ParentImage": "C:\\Windows\\System32\\cmd.exe",
      "ParentCommandLine": "\"C:\\Windows\\System32\\cmd.exe\"",
      "ParentUser": "swachchhanda\\xodih"
    }
  }
}
