{
  "Event": {
    "#attributes": {
      "xmlns": "http://schemas.microsoft.com/win/2004/08/events/event"
    },
    "System": {
      "Provider": {
        "#attributes": {
          "Name": "Microsoft-Windows-Sysmon",
          "Guid": "5770385F-C22A-43E0-BF4C-06F5698FFBD9"
        }
      },
      "EventID": 1,
      "Version": 5,
      "Level": 4,
      "Task": 1,
      "Opcode": 0,
      "Keywords": "0x8000000000000000",
      "TimeCreated": {
        "#attributes": {
          "SystemTime": "2025-10-27T00:08:16.515256Z"
        }
      },
      "EventRecordID": 33635575,
      "Correlation": null,
      "Execution": {
        "#attributes": {
          "ProcessID": 3380,
          "ThreadID": 4420
        }
      },
      "Channel": "Microsoft-Windows-Sysmon/Operational",
      "Computer": "ar-win-dc.attackrange.local",
      "Security": {
        "#attributes": {
          "UserID": "S-1-5-18"
        }
      }
    },
    "EventData": {
      "RuleName": "-",
      "UtcTime": "2025-10-27 00:08:16.514",
      "ProcessGuid": "5AA13A44-B7F0-68FE-2902-000000004102",
      "ProcessId": 9040,
      "Image": "C:\\Windows\\explorer.exe",
      "FileVersion": "10.0.20348.3692 (WinBuild.160101.0800)",
      "Description": "Windows Explorer",
      "Product": "Microsoft® Windows® Operating System",
      "Company": "Microsoft Corporation",
      "OriginalFileName": "EXPLORER.EXE",
      "CommandLine": "explorer  shell:MyComputerFolder",
      "CurrentDirectory": "C:\\Program Files\\DTrace\\",
      "User": "ATTACKRANGE\\Administrator",
      "LogonGuid": "5AA13A44-B54F-68FE-E547-0C0000000000",
      "LogonId": "0xc47e5",
      "TerminalSessionId": 2,
      "IntegrityLevel": "High",
      "Hashes": "SHA1=8BAA602FDC6BA67545C0717E2B9063A0BFE3F278,MD5=1FB8907465FB58429762D97C1FBEA04A,SHA256=53F36699C35C8F2360608A79F0809BA888C61F15886AE2B1F209A3E9B896CBA7,IMPHASH=BECD30EE79098B21A5BA5E5CF0E18B83",
      "ParentProcessGuid": "5AA13A44-B6AD-68FE-FC01-000000004102",
      "ParentProcessId": 10508,
      "ParentImage": "C:\\Windows\\System32\\cmd.exe",
      "ParentCommandLine": "\"C:\\Windows\\system32\\cmd.exe\"",
      "ParentUser": "ATTACKRANGE\\Administrator"
    }
  }
}
