{
  "Event": {
    "#attributes": {
      "xmlns": "http://schemas.microsoft.com/win/2004/08/events/event"
    },
    "System": {
      "Provider": {
        "#attributes": {
          "Name": "Microsoft-Windows-Sysmon",
          "Guid": "5770385F-C22A-43E0-BF4C-06F5698FFBD9"
        }
      },
      "EventID": 1,
      "Version": 5,
      "Level": 4,
      "Task": 1,
      "Opcode": 0,
      "Keywords": "0x8000000000000000",
      "TimeCreated": {
        "#attributes": {
          "SystemTime": "2025-10-23T10:11:05.435406Z"
        }
      },
      "EventRecordID": 650602,
      "Correlation": null,
      "Execution": {
        "#attributes": {
          "ProcessID": 3076,
          "ThreadID": 4936
        }
      },
      "Channel": "Microsoft-Windows-Sysmon/Operational",
      "Computer": "srv-01.midgardnet.tech",
      "Security": {
        "#attributes": {
          "UserID": "S-1-5-18"
        }
      }
    },
    "EventData": {
      "RuleName": "-",
      "UtcTime": "2025-10-23 10:11:05.414",
      "ProcessGuid": "14207D89-FF39-68F9-1A11-000000003F02",
      "ProcessId": 7316,
      "Image": "C:\\Users\\SWACHC~1\\AppData\\Local\\Temp\\2\\Advanced Port Scanner 2\\advanced_port_scanner.exe",
      "FileVersion": "-",
      "Description": "Advanced Port Scanner",
      "Product": "Advanced Port Scanner",
      "Company": "Famatech Corp.",
      "OriginalFileName": "advanced_port_scanner.exe",
      "CommandLine": "\"C:\\Users\\SWACHC~1\\AppData\\Local\\Temp\\2\\Advanced Port Scanner 2\\advanced_port_scanner.exe\" /portable \"C:/Users/SwachchhandaP/Downloads/\" /lng en_us",
      "CurrentDirectory": "C:\\Users\\SWACHC~1\\AppData\\Local\\Temp\\2\\Advanced Port Scanner 2\\",
      "User": "MIDGARDNET\\SwachchhandaP",
      "LogonGuid": "14207D89-91E6-68F9-0F94-460000000000",
      "LogonId": "0x46940f",
      "TerminalSessionId": 2,
      "IntegrityLevel": "Medium",
      "Hashes": "MD5=4FDABE571B66CEEC3448939BFB3FFCD1,SHA256=8B9C7D2554FE315199FAE656448DC193ACCBEC162D4AFFF3F204CE2346507A8A,IMPHASH=31E3E9D3DDE3C0C0F2C167B89B8E269C",
      "ParentProcessGuid": "14207D89-FF2E-68F9-1911-000000003F02",
      "ParentProcessId": 3972,
      "ParentImage": "C:\\Users\\SWACHC~1\\AppData\\Local\\Temp\\2\\is-90PLO.tmp\\Advanced_Port_Scanner_2.5.3869.tmp",
      "ParentCommandLine": "\"C:\\Users\\SWACHC~1\\AppData\\Local\\Temp\\2\\is-90PLO.tmp\\Advanced_Port_Scanner_2.5.3869.tmp\" /SL5=\"$E0634,19769177,139776,C:\\Users\\SwachchhandaP\\Downloads\\Advanced_Port_Scanner_2.5.3869.exe\"",
      "ParentUser": "MIDGARDNET\\SwachchhandaP"
    }
  }
}
