{
  "Event": {
    "#attributes": {
      "xmlns": "http://schemas.microsoft.com/win/2004/08/events/event"
    },
    "System": {
      "Provider": {
        "#attributes": {
          "Name": "Microsoft-Windows-Sysmon",
          "Guid": "5770385F-C22A-43E0-BF4C-06F5698FFBD9"
        }
      },
      "EventID": 12,
      "Version": 2,
      "Level": 4,
      "Task": 12,
      "Opcode": 0,
      "Keywords": "0x8000000000000000",
      "TimeCreated": {
        "#attributes": {
          "SystemTime": "2025-12-26T19:24:05.918776Z"
        }
      },
      "EventRecordID": 18298,
      "Correlation": null,
      "Execution": {
        "#attributes": {
          "ProcessID": 3484,
          "ThreadID": 3424
        }
      },
      "Channel": "Microsoft-Windows-Sysmon/Operational",
      "Computer": "swachchhanda",
      "Security": {
        "#attributes": {
          "UserID": "S-1-5-18"
        }
      }
    },
    "EventData": {
      "RuleName": "-",
      "EventType": "DeleteValue",
      "UtcTime": "2025-12-26 19:24:05.918",
      "ProcessGuid": "0197231E-E0D5-694E-3803-000000000A00",
      "ProcessId": 11088,
      "Image": "C:\\WINDOWS\\system32\\reg.exe",
      "TargetObject": "HKLM\\SOFTWARE\\Policies\\Microsoft\\Windows\\DeviceGuard\\RequirePlatformSecurityFeatures",
      "User": "swachchhanda\\xodih"
    }
  }
}
