{
  "Event": {
    "#attributes": {
      "xmlns": "http://schemas.microsoft.com/win/2004/08/events/event"
    },
    "System": {
      "Provider": {
        "#attributes": {
          "Name": "Microsoft-Windows-Sysmon",
          "Guid": "5770385F-C22A-43E0-BF4C-06F5698FFBD9"
        }
      },
      "EventID": 1,
      "Version": 5,
      "Level": 4,
      "Task": 1,
      "Opcode": 0,
      "Keywords": "0x8000000000000000",
      "TimeCreated": {
        "#attributes": {
          "SystemTime": "2025-10-25T13:20:36.737647Z"
        }
      },
      "EventRecordID": 8565164,
      "Correlation": null,
      "Execution": {
        "#attributes": {
          "ProcessID": 3308,
          "ThreadID": 4008
        }
      },
      "Channel": "Microsoft-Windows-Sysmon/Operational",
      "Computer": "ar-win-dc.attackrange.local",
      "Security": {
        "#attributes": {
          "UserID": "S-1-5-18"
        }
      }
    },
    "EventData": {
      "RuleName": "-",
      "UtcTime": "2025-10-25 13:20:36.729",
      "ProcessGuid": "5AA13A44-CEA4-68FC-1330-000000004002",
      "ProcessId": 4944,
      "Image": "C:\\Windows\\System32\\cmdkey.exe",
      "FileVersion": "10.0.20348.1 (WinBuild.160101.0800)",
      "Description": "Credential Manager Command Line Utility",
      "Product": "Microsoft® Windows® Operating System",
      "Company": "Microsoft Corporation",
      "OriginalFileName": "cmdkey.exe",
      "CommandLine": "\"C:\\Windows\\system32\\cmdkey.exe\" /generic:TERMSRV/AR-WIN-DC /user:ATTACKRANGE\\Administrator /pass:1password2!",
      "CurrentDirectory": "C:\\tools\\",
      "User": "ATTACKRANGE\\Administrator",
      "LogonGuid": "5AA13A44-568F-68FB-E39A-520000000000",
      "LogonId": "0x529ae3",
      "TerminalSessionId": 2,
      "IntegrityLevel": "High",
      "Hashes": "SHA1=138CCC1346F17921DC1DF71C88F472ACCC24BC5F,MD5=8B20EBCF5A2C5410B43765B5CEA17E5B,SHA256=F71C08CB7630990EE46338937897C0A83C96DFB8F37DB70322CE7417C01157AA,IMPHASH=03AD7A1AF78BF7A500FB199CABE4C34A",
      "ParentProcessGuid": "5AA13A44-0BE6-68FC-A61D-000000004002",
      "ParentProcessId": 10004,
      "ParentImage": "C:\\Windows\\System32\\WindowsPowerShell\\v1.0\\powershell.exe",
      "ParentCommandLine": "powershell  -noprofile",
      "ParentUser": "ATTACKRANGE\\Administrator"
    }
  }
}
