{
  "Event": {
    "#attributes": {
      "xmlns": "http://schemas.microsoft.com/win/2004/08/events/event"
    },
    "System": {
      "Provider": {
        "#attributes": {
          "Name": "Microsoft-Windows-Sysmon",
          "Guid": "5770385F-C22A-43E0-BF4C-06F5698FFBD9"
        }
      },
      "EventID": 1,
      "Version": 5,
      "Level": 4,
      "Task": 1,
      "Opcode": 0,
      "Keywords": "0x8000000000000000",
      "TimeCreated": {
        "#attributes": {
          "SystemTime": "2026-01-23T03:54:56.824925Z"
        }
      },
      "EventRecordID": 23370,
      "Correlation": null,
      "Execution": {
        "#attributes": {
          "ProcessID": 3208,
          "ThreadID": 1724
        }
      },
      "Channel": "Microsoft-Windows-Sysmon/Operational",
      "Computer": "swachchhanda",
      "Security": {
        "#attributes": {
          "UserID": "S-1-5-18"
        }
      }
    },
    "EventData": {
      "RuleName": "-",
      "UtcTime": "2026-01-23 03:54:56.816",
      "ProcessGuid": "0197231E-F110-6972-3D16-000000000800",
      "ProcessId": 12132,
      "Image": "C:\\Program Files (x86)\\Windows Kits\\10\\Tools\\10.0.26100.0\\x64\\devcon.exe",
      "FileVersion": "10.0.26100.6584 (WinBuild.160101.0800)",
      "Description": "Device Console",
      "Product": "Microsoft® Windows® Operating System",
      "Company": "Microsoft Corporation",
      "OriginalFileName": "DevCon.exe",
      "CommandLine": "devcon.exe  disable \"ROOT\\VMWVMCIHOSTDEV\"",
      "CurrentDirectory": "C:\\Program Files (x86)\\Windows Kits\\10\\Tools\\10.0.26100.0\\x64\\",
      "User": "swachchhanda\\xodih",
      "LogonGuid": "0197231E-AB9F-67AA-FB17-030000000000",
      "LogonId": "0x317fb",
      "TerminalSessionId": 1,
      "IntegrityLevel": "Medium",
      "Hashes": "MD5=36A56121DBE964347C859F95E996B26F,SHA256=282FF232C35FCB82DAD2FDAE56C775523409494B175A5A83D7441B5FA65CB3F9,IMPHASH=A0225EB3236EA941773B705076ADA2AF",
      "ParentProcessGuid": "0197231E-F0B6-6972-3816-000000000800",
      "ParentProcessId": 4244,
      "ParentImage": "C:\\Windows\\System32\\cmd.exe",
      "ParentCommandLine": "\"C:\\Windows\\System32\\cmd.exe\"",
      "ParentUser": "swachchhanda\\xodih"
    }
  }
}
