{
  "Event": {
    "#attributes": {
      "xmlns": "http://schemas.microsoft.com/win/2004/08/events/event"
    },
    "System": {
      "Provider": {
        "#attributes": {
          "Name": "Microsoft-Windows-Sysmon",
          "Guid": "5770385F-C22A-43E0-BF4C-06F5698FFBD9"
        }
      },
      "EventID": 1,
      "Version": 5,
      "Level": 4,
      "Task": 1,
      "Opcode": 0,
      "Keywords": "0x8000000000000000",
      "TimeCreated": {
        "#attributes": {
          "SystemTime": "2025-10-26T23:53:43.425641Z"
        }
      },
      "EventRecordID": 33534161,
      "Correlation": null,
      "Execution": {
        "#attributes": {
          "ProcessID": 3308,
          "ThreadID": 4008
        }
      },
      "Channel": "Microsoft-Windows-Sysmon/Operational",
      "Computer": "ar-win-dc.attackrange.local",
      "Security": {
        "#attributes": {
          "UserID": "S-1-5-18"
        }
      }
    },
    "EventData": {
      "RuleName": "-",
      "UtcTime": "2025-10-26 23:53:43.425",
      "ProcessGuid": "5AA13A44-B487-68FE-7F5F-000000004002",
      "ProcessId": 2052,
      "Image": "C:\\Windows\\System32\\driverquery.exe",
      "FileVersion": "10.0.20348.1 (WinBuild.160101.0800)",
      "Description": "Queries the drivers on a system",
      "Product": "Microsoft® Windows® Operating System",
      "Company": "Microsoft Corporation",
      "OriginalFileName": "drvqry.exe",
      "CommandLine": "\"C:\\Windows\\System32\\driverquery.exe\"",
      "CurrentDirectory": "C:\\Windows\\Temp\\",
      "User": "ATTACKRANGE\\Administrator",
      "LogonGuid": "5AA13A44-568F-68FB-E39A-520000000000",
      "LogonId": "0x529ae3",
      "TerminalSessionId": 2,
      "IntegrityLevel": "High",
      "Hashes": "SHA1=67241EC6E9855CEE71833940C4BB504BB1A50298,MD5=F4D90639E3DA5F6C514495F20AE0322A,SHA256=2202CE439C7DE1CECABA76534B5B7646E0BE585E72E129C86D6B8AFB67F7D212,IMPHASH=033B70299A7F2D13D2CCD201F2FD5461",
      "ParentProcessGuid": "5AA13A44-B487-68FE-7E5F-000000004002",
      "ParentProcessId": 11360,
      "ParentImage": "C:\\Windows\\System32\\mshta.exe",
      "ParentCommandLine": "mshta  \"javascript:new ActiveXObject('WScript.Shell').Run('driverquery.exe');close();\"",
      "ParentUser": "ATTACKRANGE\\Administrator"
    }
  }
}
