{
  "Event": {
    "#attributes": {
      "xmlns": "http://schemas.microsoft.com/win/2004/08/events/event"
    },
    "System": {
      "Provider": {
        "#attributes": {
          "Name": "Microsoft-Windows-Sysmon",
          "Guid": "5770385F-C22A-43E0-BF4C-06F5698FFBD9"
        }
      },
      "EventID": 12,
      "Version": 2,
      "Level": 4,
      "Task": 12,
      "Opcode": 0,
      "Keywords": "0x8000000000000000",
      "TimeCreated": {
        "#attributes": {
          "SystemTime": "2025-10-24T23:56:57.832430Z"
        }
      },
      "EventRecordID": 111828,
      "Correlation": null,
      "Execution": {
        "#attributes": {
          "ProcessID": 3308,
          "ThreadID": 4008
        }
      },
      "Channel": "Microsoft-Windows-Sysmon/Operational",
      "Computer": "ar-win-dc.attackrange.local",
      "Security": {
        "#attributes": {
          "UserID": "S-1-5-18"
        }
      }
    },
    "EventData": {
      "RuleName": "-",
      "EventType": "DeleteKey",
      "UtcTime": "2025-10-24 23:56:57.828",
      "ProcessGuid": "5AA13A44-1246-68FC-781E-000000004002",
      "ProcessId": 9880,
      "Image": "C:\\Windows\\system32\\reg.exe",
      "TargetObject": "HKU\\S-1-5-21-3960063115-309473240-3247002503-500\\Software\\Microsoft\\Windows\\CurrentVersion\\Explorer\\RunMRU",
      "User": "ATTACKRANGE\\Administrator"
    }
  }
}
