{
  "Event": {
    "#attributes": {
      "xmlns": "http://schemas.microsoft.com/win/2004/08/events/event"
    },
    "System": {
      "Provider": {
        "#attributes": {
          "Name": "Microsoft-Windows-Sysmon",
          "Guid": "5770385F-C22A-43E0-BF4C-06F5698FFBD9"
        }
      },
      "EventID": 13,
      "Version": 2,
      "Level": 4,
      "Task": 13,
      "Opcode": 0,
      "Keywords": "0x8000000000000000",
      "TimeCreated": {
        "#attributes": {
          "SystemTime": "2025-10-25T23:56:33.715505Z"
        }
      },
      "EventRecordID": 16510574,
      "Correlation": null,
      "Execution": {
        "#attributes": {
          "ProcessID": 3308,
          "ThreadID": 4008
        }
      },
      "Channel": "Microsoft-Windows-Sysmon/Operational",
      "Computer": "ar-win-dc.attackrange.local",
      "Security": {
        "#attributes": {
          "UserID": "S-1-5-18"
        }
      }
    },
    "EventData": {
      "RuleName": "-",
      "EventType": "SetValue",
      "UtcTime": "2025-10-25 23:56:33.705",
      "ProcessGuid": "5AA13A44-63B1-68FD-D93E-000000004002",
      "ProcessId": 9452,
      "Image": "C:\\Windows\\system32\\reg.exe",
      "TargetObject": "HKU\\S-1-5-21-3960063115-309473240-3247002503-500\\Environment\\UserInitMprLogonScript",
      "Details": "C:\\Users\\ADMINI~1\\AppData\\Local\\Temp\\art.bat",
      "User": "ATTACKRANGE\\Administrator"
    }
  }
}
