{
  "Event": {
    "#attributes": {
      "xmlns": "http://schemas.microsoft.com/win/2004/08/events/event"
    },
    "System": {
      "Provider": {
        "#attributes": {
          "Name": "Microsoft-Windows-Sysmon",
          "Guid": "5770385F-C22A-43E0-BF4C-06F5698FFBD9"
        }
      },
      "EventID": 1,
      "Version": 5,
      "Level": 4,
      "Task": 1,
      "Opcode": 0,
      "Keywords": "0x8000000000000000",
      "TimeCreated": {
        "#attributes": {
          "SystemTime": "2025-10-27T00:11:22.294854Z"
        }
      },
      "EventRecordID": 33639600,
      "Correlation": null,
      "Execution": {
        "#attributes": {
          "ProcessID": 3380,
          "ThreadID": 4420
        }
      },
      "Channel": "Microsoft-Windows-Sysmon/Operational",
      "Computer": "ar-win-dc.attackrange.local",
      "Security": {
        "#attributes": {
          "UserID": "S-1-5-18"
        }
      }
    },
    "EventData": {
      "RuleName": "-",
      "UtcTime": "2025-10-27 00:11:22.292",
      "ProcessGuid": "5AA13A44-B8AA-68FE-3F02-000000004102",
      "ProcessId": 7784,
      "Image": "C:\\Windows\\hh.exe",
      "FileVersion": "10.0.20348.1 (WinBuild.160101.0800)",
      "Description": "Microsoft® HTML Help Executable",
      "Product": "HTML Help",
      "Company": "Microsoft Corporation",
      "OriginalFileName": "HH.exe",
      "CommandLine": "\"C:\\Windows\\hh.exe\" C:\\Windows\\IME\\IMETC\\HELP\\IMTCTC14.CHM",
      "CurrentDirectory": "C:\\Windows\\IME\\IMETC\\HELP\\",
      "User": "ATTACKRANGE\\Administrator",
      "LogonGuid": "5AA13A44-B54F-68FE-E547-0C0000000000",
      "LogonId": "0xc47e5",
      "TerminalSessionId": 2,
      "IntegrityLevel": "High",
      "Hashes": "SHA1=641EF54FAECFA4E912DB88075FD25AABDB233A79,MD5=44A6B0A791E00D169EC0FFCFF0A17EB3,SHA256=39811F6070E82E9AA67A4D3E6153A7CD70519DBBAC36067157C573E2F736AA9E,IMPHASH=D3D9C3E81A404E7F5C5302429636F04C",
      "ParentProcessGuid": "5AA13A44-B55F-68FE-1A01-000000004102",
      "ParentProcessId": 8100,
      "ParentImage": "C:\\Program Files\\Everything\\Everything.exe",
      "ParentCommandLine": "\"C:\\Program Files\\Everything\\Everything.exe\" -startup",
      "ParentUser": "ATTACKRANGE\\Administrator"
    }
  }
}
