{
  "Event": {
    "#attributes": {
      "xmlns": "http://schemas.microsoft.com/win/2004/08/events/event"
    },
    "System": {
      "Provider": {
        "#attributes": {
          "Name": "Microsoft-Windows-Sysmon",
          "Guid": "5770385F-C22A-43E0-BF4C-06F5698FFBD9"
        }
      },
      "EventID": 1,
      "Version": 5,
      "Level": 4,
      "Task": 1,
      "Opcode": 0,
      "Keywords": "0x8000000000000000",
      "TimeCreated": {
        "#attributes": {
          "SystemTime": "2025-12-26T06:45:49.034405Z"
        }
      },
      "EventRecordID": 23573,
      "Correlation": null,
      "Execution": {
        "#attributes": {
          "ProcessID": 3484,
          "ThreadID": 3424
        }
      },
      "Channel": "Microsoft-Windows-Sysmon/Operational",
      "Computer": "swachchhanda",
      "Security": {
        "#attributes": {
          "UserID": "S-1-5-18"
        }
      }
    },
    "EventData": {
      "RuleName": "-",
      "UtcTime": "2025-12-26 06:45:49.010",
      "ProcessGuid": "0197231E-2F1D-694E-F304-000000000A00",
      "ProcessId": 12232,
      "Image": "C:\\Windows\\System32\\WindowsPowerShell\\v1.0\\powershell.exe",
      "FileVersion": "10.0.26100.1 (WinBuild.160101.0800)",
      "Description": "Windows PowerShell",
      "Product": "Microsoft® Windows® Operating System",
      "Company": "Microsoft Corporation",
      "OriginalFileName": "PowerShell.EXE",
      "CommandLine": "\"C:\\WINDOWS\\System32\\WindowsPowerShell\\v1.0\\powershell.exe\" -c \"Set-ItemProperty -Path \"HKLM:Software\\Policies\\Microsoft\\Windows\\DeviceGuard\" -Name \"EnableVirtualizationBasedSecurity\" -Value 0\"",
      "CurrentDirectory": "C:\\Windows\\System32\\",
      "User": "swachchhanda\\xodih",
      "LogonGuid": "0197231E-DDAE-694E-10B6-120000000000",
      "LogonId": "0x12b610",
      "TerminalSessionId": 1,
      "IntegrityLevel": "High",
      "Hashes": "MD5=1736263E02468939F808C0528E8DBB7E,SHA256=1F9FFC2227F8DEA8B771D543C464CF8166C22A39420A5322B5892A640C4B34B6,IMPHASH=68A9FF9C8D0D4655E46E1A7A190A41D2",
      "ParentProcessGuid": "00000000-0000-0000-0000-000000000000",
      "ParentProcessId": 10996,
      "ParentImage": "-",
      "ParentCommandLine": "-",
      "ParentUser": "-"
    }
  }
}
