{
  "Event": {
    "#attributes": {
      "xmlns": "http://schemas.microsoft.com/win/2004/08/events/event"
    },
    "System": {
      "Provider": {
        "#attributes": {
          "Name": "Microsoft-Windows-Sysmon",
          "Guid": "5770385F-C22A-43E0-BF4C-06F5698FFBD9"
        }
      },
      "EventID": 1,
      "Version": 5,
      "Level": 4,
      "Task": 1,
      "Opcode": 0,
      "Keywords": "0x8000000000000000",
      "TimeCreated": {
        "#attributes": {
          "SystemTime": "2025-12-23T02:25:20.222853Z"
        }
      },
      "EventRecordID": 90965,
      "Correlation": null,
      "Execution": {
        "#attributes": {
          "ProcessID": 3320,
          "ThreadID": 4216
        }
      },
      "Channel": "Microsoft-Windows-Sysmon/Operational",
      "Computer": "swachchhanda",
      "Security": {
        "#attributes": {
          "UserID": "S-1-5-18"
        }
      }
    },
    "EventData": {
      "RuleName": "-",
      "UtcTime": "2025-12-23 02:25:20.191",
      "ProcessGuid": "0197231E-FD90-6949-5110-000000000D00",
      "ProcessId": 10104,
      "Image": "C:\\Windows\\System32\\reg.exe",
      "FileVersion": "10.0.26100.5074 (WinBuild.160101.0800)",
      "Description": "Registry Console Tool",
      "Product": "Microsoft® Windows® Operating System",
      "Company": "Microsoft Corporation",
      "OriginalFileName": "reg.exe",
      "CommandLine": "reg.exe  add \"HKLM\\System\\CurrentControlSet\\Control\\DeviceGuard\\Scenarios\\HypervisorEnforcedCodeIntegrity\" /v \"Enabled\" /t REG_DWORD /d 0 /f",
      "CurrentDirectory": "C:\\Users\\xodih\\Downloads\\Sysmon\\",
      "User": "swachchhanda\\xodih",
      "LogonGuid": "0197231E-5032-6940-AAE2-070000000000",
      "LogonId": "0x7e2aa",
      "TerminalSessionId": 1,
      "IntegrityLevel": "High",
      "Hashes": "MD5=CE3B3DCB08556285C0FC73B7CDC1601D,SHA256=08B28258C2225574FE6359286B5D23B19F07BD39CEE04B72ED5CF7A8B7FBF9F3,IMPHASH=8E5CDA80916A6EB4EC8151EC790ED9F0",
      "ParentProcessGuid": "0197231E-FB8C-6949-2310-000000000D00",
      "ParentProcessId": 22176,
      "ParentImage": "C:\\Windows\\System32\\cmd.exe",
      "ParentCommandLine": "\"C:\\WINDOWS\\system32\\cmd.exe\"",
      "ParentUser": "swachchhanda\\xodih"
    }
  }
}
