{
  "Event": {
    "#attributes": {
      "xmlns": "http://schemas.microsoft.com/win/2004/08/events/event"
    },
    "System": {
      "Provider": {
        "#attributes": {
          "Name": "Microsoft-Windows-Sysmon",
          "Guid": "5770385F-C22A-43E0-BF4C-06F5698FFBD9"
        }
      },
      "EventID": 13,
      "Version": 2,
      "Level": 4,
      "Task": 13,
      "Opcode": 0,
      "Keywords": "0x8000000000000000",
      "TimeCreated": {
        "#attributes": {
          "SystemTime": "2025-10-31T05:06:45.377630Z"
        }
      },
      "EventRecordID": 657154,
      "Correlation": null,
      "Execution": {
        "#attributes": {
          "ProcessID": 3080,
          "ThreadID": 4948
        }
      },
      "Channel": "Microsoft-Windows-Sysmon/Operational",
      "Computer": "srv-01.midgardnet.tech",
      "Security": {
        "#attributes": {
          "UserID": "S-1-5-18"
        }
      }
    },
    "EventData": {
      "RuleName": "-",
      "EventType": "SetValue",
      "UtcTime": "2025-10-31 05:06:45.377",
      "ProcessGuid": "14207D89-43E5-6904-4506-000000004002",
      "ProcessId": 5244,
      "Image": "C:\\Windows\\system32\\reg.exe",
      "TargetObject": "HKLM\\SOFTWARE\\Microsoft\\Windows NT\\CurrentVersion\\Winlogon\\SpecialAccounts\\Userlist\\AtomicOperator$",
      "Details": "DWORD (0x00000000)",
      "User": "MIDGARDNET\\SwachchhandaP"
    }
  }
}
