{
  "Event": {
    "#attributes": {
      "xmlns": "http://schemas.microsoft.com/win/2004/08/events/event"
    },
    "System": {
      "Provider": {
        "#attributes": {
          "Name": "Microsoft-Windows-Sysmon",
          "Guid": "5770385F-C22A-43E0-BF4C-06F5698FFBD9"
        }
      },
      "EventID": 1,
      "Version": 5,
      "Level": 4,
      "Task": 1,
      "Opcode": 0,
      "Keywords": "0x8000000000000000",
      "TimeCreated": {
        "#attributes": {
          "SystemTime": "2025-10-25T17:47:01.671694Z"
        }
      },
      "EventRecordID": 12249325,
      "Correlation": null,
      "Execution": {
        "#attributes": {
          "ProcessID": 3308,
          "ThreadID": 4008
        }
      },
      "Channel": "Microsoft-Windows-Sysmon/Operational",
      "Computer": "ar-win-dc.attackrange.local",
      "Security": {
        "#attributes": {
          "UserID": "S-1-5-18"
        }
      }
    },
    "EventData": {
      "RuleName": "-",
      "UtcTime": "2025-10-25 17:47:01.664",
      "ProcessGuid": "5AA13A44-0D15-68FD-B436-000000004002",
      "ProcessId": 2764,
      "Image": "C:\\Windows\\System32\\icacls.exe",
      "FileVersion": "10.0.20348.1 (WinBuild.160101.0800)",
      "Description": "-",
      "Product": "Microsoft® Windows® Operating System",
      "Company": "Microsoft Corporation",
      "OriginalFileName": "iCACLS.EXE",
      "CommandLine": "icacls  \"C:\\Program Files\\*\"",
      "CurrentDirectory": "C:\\",
      "User": "ATTACKRANGE\\Administrator",
      "LogonGuid": "5AA13A44-568F-68FB-E39A-520000000000",
      "LogonId": "0x529ae3",
      "TerminalSessionId": 2,
      "IntegrityLevel": "High",
      "Hashes": "SHA1=0EB3DC9113AE28D77A85A52B3BF7B79A4B7FD24E,MD5=4B8207877186FAFFB90E3A4D9358CBA6,SHA256=054355C415F5686DA598011065E6FDF6BED35C5FDDA81BC5BF22B9D093CC30E2,IMPHASH=446163A548337B5BCF2727BCD1CFB399",
      "ParentProcessGuid": "5AA13A44-0C90-68FC-BF1D-000000004002",
      "ParentProcessId": 10048,
      "ParentImage": "C:\\Windows\\System32\\cmd.exe",
      "ParentCommandLine": "\"C:\\Windows\\system32\\cmd.exe\"",
      "ParentUser": "ATTACKRANGE\\Administrator"
    }
  }
}
{
  "Event": {
    "#attributes": {
      "xmlns": "http://schemas.microsoft.com/win/2004/08/events/event"
    },
    "System": {
      "Provider": {
        "#attributes": {
          "Name": "Microsoft-Windows-Sysmon",
          "Guid": "5770385F-C22A-43E0-BF4C-06F5698FFBD9"
        }
      },
      "EventID": 1,
      "Version": 5,
      "Level": 4,
      "Task": 1,
      "Opcode": 0,
      "Keywords": "0x8000000000000000",
      "TimeCreated": {
        "#attributes": {
          "SystemTime": "2025-10-25T17:47:01.679477Z"
        }
      },
      "EventRecordID": 12249342,
      "Correlation": null,
      "Execution": {
        "#attributes": {
          "ProcessID": 3308,
          "ThreadID": 4008
        }
      },
      "Channel": "Microsoft-Windows-Sysmon/Operational",
      "Computer": "ar-win-dc.attackrange.local",
      "Security": {
        "#attributes": {
          "UserID": "S-1-5-18"
        }
      }
    },
    "EventData": {
      "RuleName": "-",
      "UtcTime": "2025-10-25 17:47:01.673",
      "ProcessGuid": "5AA13A44-0D15-68FD-B536-000000004002",
      "ProcessId": 9016,
      "Image": "C:\\Windows\\System32\\findstr.exe",
      "FileVersion": "10.0.20348.1 (WinBuild.160101.0800)",
      "Description": "Find String (QGREP) Utility",
      "Product": "Microsoft® Windows® Operating System",
      "Company": "Microsoft Corporation",
      "OriginalFileName": "FINDSTR.EXE",
      "CommandLine": "findstr  \"(M)\"",
      "CurrentDirectory": "C:\\",
      "User": "ATTACKRANGE\\Administrator",
      "LogonGuid": "5AA13A44-568F-68FB-E39A-520000000000",
      "LogonId": "0x529ae3",
      "TerminalSessionId": 2,
      "IntegrityLevel": "High",
      "Hashes": "SHA1=7E484985CC835B3892F7445D2692227BA2D2E6F5,MD5=D0A20941751521C0D19BD3EABF34C446,SHA256=940CBEC6750076F2A191CBC8DA96AAE1905F7D9709B48C839BBD52884EFF1A45,IMPHASH=A27641A39DA5A6B0717E06BA00E56B7F",
      "ParentProcessGuid": "5AA13A44-0C90-68FC-BF1D-000000004002",
      "ParentProcessId": 10048,
      "ParentImage": "C:\\Windows\\System32\\cmd.exe",
      "ParentCommandLine": "\"C:\\Windows\\system32\\cmd.exe\"",
      "ParentUser": "ATTACKRANGE\\Administrator"
    }
  }
}
{
  "Event": {
    "#attributes": {
      "xmlns": "http://schemas.microsoft.com/win/2004/08/events/event"
    },
    "System": {
      "Provider": {
        "#attributes": {
          "Name": "Microsoft-Windows-Sysmon",
          "Guid": "5770385F-C22A-43E0-BF4C-06F5698FFBD9"
        }
      },
      "EventID": 1,
      "Version": 5,
      "Level": 4,
      "Task": 1,
      "Opcode": 0,
      "Keywords": "0x8000000000000000",
      "TimeCreated": {
        "#attributes": {
          "SystemTime": "2025-10-25T17:47:01.687849Z"
        }
      },
      "EventRecordID": 12249358,
      "Correlation": null,
      "Execution": {
        "#attributes": {
          "ProcessID": 3308,
          "ThreadID": 4008
        }
      },
      "Channel": "Microsoft-Windows-Sysmon/Operational",
      "Computer": "ar-win-dc.attackrange.local",
      "Security": {
        "#attributes": {
          "UserID": "S-1-5-18"
        }
      }
    },
    "EventData": {
      "RuleName": "-",
      "UtcTime": "2025-10-25 17:47:01.681",
      "ProcessGuid": "5AA13A44-0D15-68FD-B636-000000004002",
      "ProcessId": 3356,
      "Image": "C:\\Windows\\System32\\findstr.exe",
      "FileVersion": "10.0.20348.1 (WinBuild.160101.0800)",
      "Description": "Find String (QGREP) Utility",
      "Product": "Microsoft® Windows® Operating System",
      "Company": "Microsoft Corporation",
      "OriginalFileName": "FINDSTR.EXE",
      "CommandLine": "findstr  \"Everyone\"",
      "CurrentDirectory": "C:\\",
      "User": "ATTACKRANGE\\Administrator",
      "LogonGuid": "5AA13A44-568F-68FB-E39A-520000000000",
      "LogonId": "0x529ae3",
      "TerminalSessionId": 2,
      "IntegrityLevel": "High",
      "Hashes": "SHA1=7E484985CC835B3892F7445D2692227BA2D2E6F5,MD5=D0A20941751521C0D19BD3EABF34C446,SHA256=940CBEC6750076F2A191CBC8DA96AAE1905F7D9709B48C839BBD52884EFF1A45,IMPHASH=A27641A39DA5A6B0717E06BA00E56B7F",
      "ParentProcessGuid": "5AA13A44-0C90-68FC-BF1D-000000004002",
      "ParentProcessId": 10048,
      "ParentImage": "C:\\Windows\\System32\\cmd.exe",
      "ParentCommandLine": "\"C:\\Windows\\system32\\cmd.exe\"",
      "ParentUser": "ATTACKRANGE\\Administrator"
    }
  }
}
