{
  "Event": {
    "#attributes": {
      "xmlns": "http://schemas.microsoft.com/win/2004/08/events/event"
    },
    "System": {
      "Provider": {
        "#attributes": {
          "Name": "Microsoft-Windows-Sysmon",
          "Guid": "5770385F-C22A-43E0-BF4C-06F5698FFBD9"
        }
      },
      "EventID": 13,
      "Version": 2,
      "Level": 4,
      "Task": 13,
      "Opcode": 0,
      "Keywords": "0x8000000000000000",
      "TimeCreated": {
        "#attributes": {
          "SystemTime": "2025-10-26T17:36:04.950926Z"
        }
      },
      "EventRecordID": 27665830,
      "Correlation": null,
      "Execution": {
        "#attributes": {
          "ProcessID": 3308,
          "ThreadID": 4008
        }
      },
      "Channel": "Microsoft-Windows-Sysmon/Operational",
      "Computer": "ar-win-dc.attackrange.local",
      "Security": {
        "#attributes": {
          "UserID": "S-1-5-18"
        }
      }
    },
    "EventData": {
      "RuleName": "-",
      "EventType": "SetValue",
      "UtcTime": "2025-10-26 17:36:04.941",
      "ProcessGuid": "5AA13A44-5C04-68FE-5855-000000004002",
      "ProcessId": 10080,
      "Image": "C:\\Windows\\system32\\reg.exe",
      "TargetObject": "HKLM\\System\\CurrentControlSet\\Control\\Terminal Server\\fAllowToGetHelp",
      "Details": "DWORD (0x00000001)",
      "User": "ATTACKRANGE\\Administrator"
    }
  }
}
