{
  "Event": {
    "#attributes": {
      "xmlns": "http://schemas.microsoft.com/win/2004/08/events/event"
    },
    "System": {
      "Provider": {
        "#attributes": {
          "Name": "Microsoft-Windows-Sysmon",
          "Guid": "5770385F-C22A-43E0-BF4C-06F5698FFBD9"
        }
      },
      "EventID": 1,
      "Version": 5,
      "Level": 4,
      "Task": 1,
      "Opcode": 0,
      "Keywords": "0x8000000000000000",
      "TimeCreated": {
        "#attributes": {
          "SystemTime": "2025-10-25T17:47:36.346438Z"
        }
      },
      "EventRecordID": 12260122,
      "Correlation": null,
      "Execution": {
        "#attributes": {
          "ProcessID": 3308,
          "ThreadID": 4008
        }
      },
      "Channel": "Microsoft-Windows-Sysmon/Operational",
      "Computer": "ar-win-dc.attackrange.local",
      "Security": {
        "#attributes": {
          "UserID": "S-1-5-18"
        }
      }
    },
    "EventData": {
      "RuleName": "-",
      "UtcTime": "2025-10-25 17:47:36.344",
      "ProcessGuid": "5AA13A44-0D38-68FD-B736-000000004002",
      "ProcessId": 7732,
      "Image": "C:\\Windows\\System32\\finger.exe",
      "FileVersion": "10.0.20348.3451 (WinBuild.160101.0800)",
      "Description": "TCPIP Finger Command",
      "Product": "Microsoft® Windows® Operating System",
      "Company": "Microsoft Corporation",
      "OriginalFileName": "finger.exe",
      "CommandLine": "finger",
      "CurrentDirectory": "C:\\Users\\Administrator\\Downloads\\",
      "User": "ATTACKRANGE\\Administrator",
      "LogonGuid": "5AA13A44-568F-68FB-E39A-520000000000",
      "LogonId": "0x529ae3",
      "TerminalSessionId": 2,
      "IntegrityLevel": "High",
      "Hashes": "SHA1=9DFF43AAF3833E42520A4E426F9132ECFC8A1138,MD5=F05FE1D85C1E9B37E27A78DE2A099977,SHA256=9C08862150B290F3834D02F9C2924C3E163B403AC4B00853BCB78B40E00DE6B5,IMPHASH=4EC5391C083809964BB61804E493A505",
      "ParentProcessGuid": "5AA13A44-0BDF-68FD-7936-000000004002",
      "ParentProcessId": 5232,
      "ParentImage": "C:\\Windows\\System32\\cmd.exe",
      "ParentCommandLine": "cmd  / c \"tasklist | findstr lsass\"",
      "ParentUser": "ATTACKRANGE\\Administrator"
    }
  }
}
