{
  "Event": {
    "#attributes": {
      "xmlns": "http://schemas.microsoft.com/win/2004/08/events/event"
    },
    "System": {
      "Provider": {
        "#attributes": {
          "Name": "Microsoft-Windows-Sysmon",
          "Guid": "5770385F-C22A-43E0-BF4C-06F5698FFBD9"
        }
      },
      "EventID": 11,
      "Version": 2,
      "Level": 4,
      "Task": 11,
      "Opcode": 0,
      "Keywords": "0x8000000000000000",
      "TimeCreated": {
        "#attributes": {
          "SystemTime": "2025-12-10T05:14:28.844323Z"
        }
      },
      "EventRecordID": 18792,
      "Correlation": null,
      "Execution": {
        "#attributes": {
          "ProcessID": 3208,
          "ThreadID": 1724
        }
      },
      "Channel": "Microsoft-Windows-Sysmon/Operational",
      "Computer": "swachchhanda",
      "Security": {
        "#attributes": {
          "UserID": "S-1-5-18"
        }
      }
    },
    "EventData": {
      "RuleName": "Public",
      "UtcTime": "2025-12-10 05:14:28.840",
      "ProcessGuid": "0197231E-01A8-6939-0811-000000000800",
      "ProcessId": 8868,
      "Image": "C:\\WINDOWS\\system32\\certutil.exe",
      "TargetFilename": "C:\\Users\\Public\\7zip.exe",
      "CreationUtcTime": "2025-12-10 05:14:28.840",
      "User": "swachchhanda\\xodih"
    }
  }
}
