{
  "Event": {
    "#attributes": {
      "xmlns": "http://schemas.microsoft.com/win/2004/08/events/event"
    },
    "System": {
      "Provider": {
        "#attributes": {
          "Name": "Microsoft-Windows-Sysmon",
          "Guid": "5770385F-C22A-43E0-BF4C-06F5698FFBD9"
        }
      },
      "EventID": 1,
      "Version": 5,
      "Level": 4,
      "Task": 1,
      "Opcode": 0,
      "Keywords": "0x8000000000000000",
      "TimeCreated": {
        "#attributes": {
          "SystemTime": "2025-11-27T08:12:45.186674Z"
        }
      },
      "EventRecordID": 733879,
      "Correlation": null,
      "Execution": {
        "#attributes": {
          "ProcessID": 3544,
          "ThreadID": 4264
        }
      },
      "Channel": "Microsoft-Windows-Sysmon/Operational",
      "Computer": "swachchhanda",
      "Security": {
        "#attributes": {
          "UserID": "S-1-5-18"
        }
      }
    },
    "EventData": {
      "RuleName": "-",
      "UtcTime": "2025-11-27 08:12:45.183",
      "ProcessGuid": "0197231E-07FD-6928-2A0C-000000000D00",
      "ProcessId": 3532,
      "Image": "C:\\Windows\\System32\\WerFaultSecure.exe",
      "FileVersion": "10.0.26100.7019 (WinBuild.160101.0800)",
      "Description": "Windows Fault Reporting",
      "Product": "Microsoft® Windows® Operating System",
      "Company": "Microsoft Corporation",
      "OriginalFileName": "WerFaultSecure.exe",
      "CommandLine": "C:\\Windows\\System32\\WerFaultSecure.exe /h /pid 3472 /tid 3476 /encfile 304 /cancel 364 /type 268310",
      "CurrentDirectory": "C:\\WINDOWS",
      "User": "swachchhanda\\xodih",
      "LogonGuid": "0197231E-B736-6923-B25C-3B0000000000",
      "LogonId": "0x3b5cb2",
      "TerminalSessionId": 1,
      "IntegrityLevel": "High",
      "Hashes": "SHA1=9521BDCD891789724786BDCB9C9468A06818EDDC,MD5=C5A2014C3BC84EDCEEF5185AEA3BB5E0,SHA256=1C60BA5771201F7AEE44DCA30CBCBF78F6E3C39F30AD0A5C6C7BC8137A475EAA,IMPHASH=79E7A5E4F18B29329345D2098E1B95EB",
      "ParentProcessGuid": "0197231E-07FD-6928-290C-000000000D00",
      "ParentProcessId": 9388,
      "ParentImage": "C:\\Users\\xodih\\Downloads\\EDRFreeze-gnu.exe",
      "ParentCommandLine": "EDRFreeze-gnu.exe  3472 10000",
      "ParentUser": "swachchhanda\\xodih"
    }
  }
}
