{
  "Event": {
    "#attributes": {
      "xmlns": "http://schemas.microsoft.com/win/2004/08/events/event"
    },
    "System": {
      "Provider": {
        "#attributes": {
          "Name": "Microsoft-Windows-Sysmon",
          "Guid": "5770385F-C22A-43E0-BF4C-06F5698FFBD9"
        }
      },
      "EventID": 13,
      "Version": 2,
      "Level": 4,
      "Task": 13,
      "Opcode": 0,
      "Keywords": "0x8000000000000000",
      "TimeCreated": {
        "#attributes": {
          "SystemTime": "2025-12-26T06:45:50.191274Z"
        }
      },
      "EventRecordID": 23575,
      "Correlation": null,
      "Execution": {
        "#attributes": {
          "ProcessID": 3484,
          "ThreadID": 3424
        }
      },
      "Channel": "Microsoft-Windows-Sysmon/Operational",
      "Computer": "swachchhanda",
      "Security": {
        "#attributes": {
          "UserID": "S-1-5-18"
        }
      }
    },
    "EventData": {
      "RuleName": "-",
      "EventType": "SetValue",
      "UtcTime": "2025-12-26 06:45:50.187",
      "ProcessGuid": "0197231E-2F1D-694E-F304-000000000A00",
      "ProcessId": 12232,
      "Image": "C:\\WINDOWS\\System32\\WindowsPowerShell\\v1.0\\powershell.exe",
      "TargetObject": "HKLM\\SOFTWARE\\Policies\\Microsoft\\Windows\\DeviceGuard\\EnableVirtualizationBasedSecurity",
      "Details": "DWORD (0x00000000)",
      "User": "swachchhanda\\xodih"
    }
  }
}
