{
  "Event": {
    "#attributes": {
      "xmlns": "http://schemas.microsoft.com/win/2004/08/events/event"
    },
    "System": {
      "Provider": {
        "#attributes": {
          "Name": "Microsoft-Windows-Sysmon",
          "Guid": "5770385F-C22A-43E0-BF4C-06F5698FFBD9"
        }
      },
      "EventID": 1,
      "Version": 5,
      "Level": 4,
      "Task": 1,
      "Opcode": 0,
      "Keywords": "0x8000000000000000",
      "TimeCreated": {
        "#attributes": {
          "SystemTime": "2025-10-22T20:29:25.275782Z"
        }
      },
      "EventRecordID": 256823,
      "Correlation": null,
      "Execution": {
        "#attributes": {
          "ProcessID": 3168,
          "ThreadID": 4580
        }
      },
      "Channel": "Microsoft-Windows-Sysmon/Operational",
      "Computer": "ar-win-1",
      "Security": {
        "#attributes": {
          "UserID": "S-1-5-18"
        }
      }
    },
    "EventData": {
      "RuleName": "-",
      "UtcTime": "2025-10-22 20:29:25.272",
      "ProcessGuid": "5AB40FD1-3EA5-68F9-2F31-000000003B02",
      "ProcessId": 4564,
      "Image": "C:\\Users\\Administrator\\Downloads\\testdata\\renamed-netsh.exe",
      "FileVersion": "10.0.20348.1 (WinBuild.160101.0800)",
      "Description": "Network Command Shell",
      "Product": "Microsoft® Windows® Operating System",
      "Company": "Microsoft Corporation",
      "OriginalFileName": "netsh.exe",
      "CommandLine": "renamed-netsh.exe",
      "CurrentDirectory": "C:\\Users\\Administrator\\Downloads\\testdata\\",
      "User": "AR-WIN-1\\Administrator",
      "LogonGuid": "5AB40FD1-8D74-68F7-E44B-100000000000",
      "LogonId": "0x104be4",
      "TerminalSessionId": 2,
      "IntegrityLevel": "High",
      "Hashes": "MD5=28B5A3688253FD5822EE90BCAE2633F7,SHA256=7482890B1875BDCEC826F3385EAC7DCDC38F17358A13B1B8C790BDB895FF5054,IMPHASH=06F091DBEC9C3F0DD14808FFE59B95DE",
      "ParentProcessGuid": "5AB40FD1-3E0C-68F9-1731-000000003B02",
      "ParentProcessId": 8252,
      "ParentImage": "C:\\Windows\\System32\\cmd.exe",
      "ParentCommandLine": "\"C:\\Windows\\system32\\cmd.exe\"",
      "ParentUser": "AR-WIN-1\\Administrator"
    }
  }
}
