{
  "Event": {
    "#attributes": {
      "xmlns": "http://schemas.microsoft.com/win/2004/08/events/event"
    },
    "System": {
      "Provider": {
        "#attributes": {
          "Name": "Microsoft-Windows-Sysmon",
          "Guid": "5770385F-C22A-43E0-BF4C-06F5698FFBD9"
        }
      },
      "EventID": 13,
      "Version": 2,
      "Level": 4,
      "Task": 13,
      "Opcode": 0,
      "Keywords": "0x8000000000000000",
      "TimeCreated": {
        "#attributes": {
          "SystemTime": "2025-10-26T18:12:38.481829Z"
        }
      },
      "EventRecordID": 28344631,
      "Correlation": null,
      "Execution": {
        "#attributes": {
          "ProcessID": 3308,
          "ThreadID": 4008
        }
      },
      "Channel": "Microsoft-Windows-Sysmon/Operational",
      "Computer": "ar-win-dc.attackrange.local",
      "Security": {
        "#attributes": {
          "UserID": "S-1-5-18"
        }
      }
    },
    "EventData": {
      "RuleName": "-",
      "EventType": "SetValue",
      "UtcTime": "2025-10-26 18:12:38.476",
      "ProcessGuid": "5AA13A44-6494-68FE-6A56-000000004002",
      "ProcessId": 7460,
      "Image": "C:\\Windows\\System32\\WindowsPowerShell\\v1.0\\powershell.exe",
      "TargetObject": "HKU\\S-1-5-21-3960063115-309473240-3247002503-500\\Software\\Microsoft\\Windows\\CurrentVersion\\Internet Settings\\ZoneMap\\Domains\\bad-domain.com\\bad-subdomain\\https",
      "Details": "DWORD (0x00000002)",
      "User": "ATTACKRANGE\\Administrator"
    }
  }
}
{
  "Event": {
    "#attributes": {
      "xmlns": "http://schemas.microsoft.com/win/2004/08/events/event"
    },
    "System": {
      "Provider": {
        "#attributes": {
          "Name": "Microsoft-Windows-Sysmon",
          "Guid": "5770385F-C22A-43E0-BF4C-06F5698FFBD9"
        }
      },
      "EventID": 13,
      "Version": 2,
      "Level": 4,
      "Task": 13,
      "Opcode": 0,
      "Keywords": "0x8000000000000000",
      "TimeCreated": {
        "#attributes": {
          "SystemTime": "2025-10-26T18:12:38.491176Z"
        }
      },
      "EventRecordID": 28344632,
      "Correlation": null,
      "Execution": {
        "#attributes": {
          "ProcessID": 3308,
          "ThreadID": 4008
        }
      },
      "Channel": "Microsoft-Windows-Sysmon/Operational",
      "Computer": "ar-win-dc.attackrange.local",
      "Security": {
        "#attributes": {
          "UserID": "S-1-5-18"
        }
      }
    },
    "EventData": {
      "RuleName": "-",
      "EventType": "SetValue",
      "UtcTime": "2025-10-26 18:12:38.476",
      "ProcessGuid": "5AA13A44-6494-68FE-6A56-000000004002",
      "ProcessId": 7460,
      "Image": "C:\\Windows\\System32\\WindowsPowerShell\\v1.0\\powershell.exe",
      "TargetObject": "HKU\\S-1-5-21-3960063115-309473240-3247002503-500\\Software\\Microsoft\\Windows\\CurrentVersion\\Internet Settings\\ZoneMap\\Domains\\bad-domain.com\\bad-subdomain\\http",
      "Details": "DWORD (0x00000002)",
      "User": "ATTACKRANGE\\Administrator"
    }
  }
}
{
  "Event": {
    "#attributes": {
      "xmlns": "http://schemas.microsoft.com/win/2004/08/events/event"
    },
    "System": {
      "Provider": {
        "#attributes": {
          "Name": "Microsoft-Windows-Sysmon",
          "Guid": "5770385F-C22A-43E0-BF4C-06F5698FFBD9"
        }
      },
      "EventID": 13,
      "Version": 2,
      "Level": 4,
      "Task": 13,
      "Opcode": 0,
      "Keywords": "0x8000000000000000",
      "TimeCreated": {
        "#attributes": {
          "SystemTime": "2025-10-26T18:12:38.500426Z"
        }
      },
      "EventRecordID": 28344633,
      "Correlation": null,
      "Execution": {
        "#attributes": {
          "ProcessID": 3308,
          "ThreadID": 4008
        }
      },
      "Channel": "Microsoft-Windows-Sysmon/Operational",
      "Computer": "ar-win-dc.attackrange.local",
      "Security": {
        "#attributes": {
          "UserID": "S-1-5-18"
        }
      }
    },
    "EventData": {
      "RuleName": "-",
      "EventType": "SetValue",
      "UtcTime": "2025-10-26 18:12:38.492",
      "ProcessGuid": "5AA13A44-6494-68FE-6A56-000000004002",
      "ProcessId": 7460,
      "Image": "C:\\Windows\\System32\\WindowsPowerShell\\v1.0\\powershell.exe",
      "TargetObject": "HKU\\S-1-5-21-3960063115-309473240-3247002503-500\\Software\\Microsoft\\Windows\\CurrentVersion\\Internet Settings\\ZoneMap\\Domains\\bad-domain.com\\bad-subdomain\\*",
      "Details": "DWORD (0x00000002)",
      "User": "ATTACKRANGE\\Administrator"
    }
  }
}
