{
  "Event": {
    "#attributes": {
      "xmlns": "http://schemas.microsoft.com/win/2004/08/events/event"
    },
    "System": {
      "Provider": {
        "#attributes": {
          "Name": "Microsoft-Windows-Sysmon",
          "Guid": "5770385F-C22A-43E0-BF4C-06F5698FFBD9"
        }
      },
      "EventID": 1,
      "Version": 5,
      "Level": 4,
      "Task": 1,
      "Opcode": 0,
      "Keywords": "0x8000000000000000",
      "TimeCreated": {
        "#attributes": {
          "SystemTime": "2025-10-23T10:19:13.088214Z"
        }
      },
      "EventRecordID": 650834,
      "Correlation": null,
      "Execution": {
        "#attributes": {
          "ProcessID": 3076,
          "ThreadID": 4936
        }
      },
      "Channel": "Microsoft-Windows-Sysmon/Operational",
      "Computer": "srv-01.midgardnet.tech",
      "Security": {
        "#attributes": {
          "UserID": "S-1-5-18"
        }
      }
    },
    "EventData": {
      "RuleName": "-",
      "UtcTime": "2025-10-23 10:19:13.085",
      "ProcessGuid": "14207D89-0121-68FA-6E11-000000003F02",
      "ProcessId": 6448,
      "Image": "C:\\Users\\SwachchhandaP\\Downloads\\advancedrun-x64\\AdvancedRun.exe",
      "FileVersion": "1.51",
      "Description": "Run a program with different settings that you choose.",
      "Product": "AdvancedRun",
      "Company": "NirSoft",
      "OriginalFileName": "AdvancedRun.exe",
      "CommandLine": "AdvancedRun.exe  /EXEFilename \"C:\\Windows\\System32\\sc.exe\" /WindowState 0 /CommandLine \"stop WinDefend\" /StartDirectory \"\" /RunAs 8 /Run",
      "CurrentDirectory": "C:\\Users\\SwachchhandaP\\Downloads\\advancedrun-x64\\",
      "User": "MIDGARDNET\\SwachchhandaP",
      "LogonGuid": "14207D89-91E6-68F9-0F94-460000000000",
      "LogonId": "0x46940f",
      "TerminalSessionId": 2,
      "IntegrityLevel": "Medium",
      "Hashes": "MD5=3F44DD7F287DA4A9A1BE82E5178B7DC8,SHA256=E8000766C215B2DF493C0AA0D8FA29FAE04B1D0730AD1E7D7626484DC9D7B225,IMPHASH=65F94FEE8F6FA846B2B29BDD0721C096",
      "ParentProcessGuid": "14207D89-00ED-68FA-6611-000000003F02",
      "ParentProcessId": 700,
      "ParentImage": "C:\\Windows\\System32\\cmd.exe",
      "ParentCommandLine": "\"C:\\Windows\\System32\\cmd.exe\"",
      "ParentUser": "MIDGARDNET\\SwachchhandaP"
    }
  }
}
