{
  "Event": {
    "#attributes": {
      "xmlns": "http://schemas.microsoft.com/win/2004/08/events/event"
    },
    "System": {
      "Provider": {
        "#attributes": {
          "Name": "Microsoft-Windows-Sysmon",
          "Guid": "5770385F-C22A-43E0-BF4C-06F5698FFBD9"
        }
      },
      "EventID": 1,
      "Version": 5,
      "Level": 4,
      "Task": 1,
      "Opcode": 0,
      "Keywords": "0x8000000000000000",
      "TimeCreated": {
        "#attributes": {
          "SystemTime": "2025-10-25T13:52:18.663980Z"
        }
      },
      "EventRecordID": 9145421,
      "Correlation": null,
      "Execution": {
        "#attributes": {
          "ProcessID": 3308,
          "ThreadID": 4008
        }
      },
      "Channel": "Microsoft-Windows-Sysmon/Operational",
      "Computer": "ar-win-dc.attackrange.local",
      "Security": {
        "#attributes": {
          "UserID": "S-1-5-18"
        }
      }
    },
    "EventData": {
      "RuleName": "-",
      "UtcTime": "2025-10-25 13:52:18.657",
      "ProcessGuid": "5AA13A44-D612-68FC-1931-000000004002",
      "ProcessId": 5144,
      "Image": "C:\\Windows\\System32\\cmd.exe",
      "FileVersion": "10.0.20348.3932 (WinBuild.160101.0800)",
      "Description": "Windows Command Processor",
      "Product": "Microsoft® Windows® Operating System",
      "Company": "Microsoft Corporation",
      "OriginalFileName": "Cmd.Exe",
      "CommandLine": "cmd  /c \"tasklist | findstr virus\"",
      "CurrentDirectory": "C:\\Users\\Administrator\\Downloads\\",
      "User": "ATTACKRANGE\\Administrator",
      "LogonGuid": "5AA13A44-568F-68FB-E39A-520000000000",
      "LogonId": "0x529ae3",
      "TerminalSessionId": 2,
      "IntegrityLevel": "High",
      "Hashes": "SHA1=BC2820B5EE7B43C172005B66546F12316DE8C081,MD5=8903A3381FBB033A45F5C2C50C175C54,SHA256=F7C237A49B96FD77C047910E13F24AAC4678A0F94BABDB06643DBA63F38D48E5,IMPHASH=D60B77062898DC6BFAE7FE11A0F8806C",
      "ParentProcessGuid": "5AA13A44-0FEC-68FC-281E-000000004002",
      "ParentProcessId": 6304,
      "ParentImage": "C:\\Windows\\System32\\cmd.exe",
      "ParentCommandLine": "\"C:\\Windows\\System32\\cmd.exe\"",
      "ParentUser": "ATTACKRANGE\\Administrator"
    }
  }
}
{
  "Event": {
    "#attributes": {
      "xmlns": "http://schemas.microsoft.com/win/2004/08/events/event"
    },
    "System": {
      "Provider": {
        "#attributes": {
          "Name": "Microsoft-Windows-Sysmon",
          "Guid": "5770385F-C22A-43E0-BF4C-06F5698FFBD9"
        }
      },
      "EventID": 1,
      "Version": 5,
      "Level": 4,
      "Task": 1,
      "Opcode": 0,
      "Keywords": "0x8000000000000000",
      "TimeCreated": {
        "#attributes": {
          "SystemTime": "2025-10-25T13:52:18.675229Z"
        }
      },
      "EventRecordID": 9145437,
      "Correlation": null,
      "Execution": {
        "#attributes": {
          "ProcessID": 3308,
          "ThreadID": 4008
        }
      },
      "Channel": "Microsoft-Windows-Sysmon/Operational",
      "Computer": "ar-win-dc.attackrange.local",
      "Security": {
        "#attributes": {
          "UserID": "S-1-5-18"
        }
      }
    },
    "EventData": {
      "RuleName": "-",
      "UtcTime": "2025-10-25 13:52:18.674",
      "ProcessGuid": "5AA13A44-D612-68FC-1A31-000000004002",
      "ProcessId": 6320,
      "Image": "C:\\Windows\\System32\\tasklist.exe",
      "FileVersion": "10.0.20348.1 (WinBuild.160101.0800)",
      "Description": "Lists the current running tasks",
      "Product": "Microsoft® Windows® Operating System",
      "Company": "Microsoft Corporation",
      "OriginalFileName": "tasklist.exe",
      "CommandLine": "tasklist",
      "CurrentDirectory": "C:\\Users\\Administrator\\Downloads\\",
      "User": "ATTACKRANGE\\Administrator",
      "LogonGuid": "5AA13A44-568F-68FB-E39A-520000000000",
      "LogonId": "0x529ae3",
      "TerminalSessionId": 2,
      "IntegrityLevel": "High",
      "Hashes": "SHA1=A440302FCCCB6D181F8DB017265602397E1EB92A,MD5=2B05A9BDFAEAC5743B47A10F3F0A202B,SHA256=31E6A056EB1E722D8EC8C7E152E6A410B12D6055140BC38FFA1CCBD56AD4E623,IMPHASH=FCEA32ABE79C10DFACC88F5335DD89DE",
      "ParentProcessGuid": "5AA13A44-D612-68FC-1931-000000004002",
      "ParentProcessId": 5144,
      "ParentImage": "C:\\Windows\\System32\\cmd.exe",
      "ParentCommandLine": "cmd  /c \"tasklist | findstr virus\"",
      "ParentUser": "ATTACKRANGE\\Administrator"
    }
  }
}
{
  "Event": {
    "#attributes": {
      "xmlns": "http://schemas.microsoft.com/win/2004/08/events/event"
    },
    "System": {
      "Provider": {
        "#attributes": {
          "Name": "Microsoft-Windows-Sysmon",
          "Guid": "5770385F-C22A-43E0-BF4C-06F5698FFBD9"
        }
      },
      "EventID": 1,
      "Version": 5,
      "Level": 4,
      "Task": 1,
      "Opcode": 0,
      "Keywords": "0x8000000000000000",
      "TimeCreated": {
        "#attributes": {
          "SystemTime": "2025-10-25T13:52:18.677359Z"
        }
      },
      "EventRecordID": 9145443,
      "Correlation": null,
      "Execution": {
        "#attributes": {
          "ProcessID": 3308,
          "ThreadID": 4008
        }
      },
      "Channel": "Microsoft-Windows-Sysmon/Operational",
      "Computer": "ar-win-dc.attackrange.local",
      "Security": {
        "#attributes": {
          "UserID": "S-1-5-18"
        }
      }
    },
    "EventData": {
      "RuleName": "-",
      "UtcTime": "2025-10-25 13:52:18.676",
      "ProcessGuid": "5AA13A44-D612-68FC-1B31-000000004002",
      "ProcessId": 9052,
      "Image": "C:\\Windows\\System32\\findstr.exe",
      "FileVersion": "10.0.20348.1 (WinBuild.160101.0800)",
      "Description": "Find String (QGREP) Utility",
      "Product": "Microsoft® Windows® Operating System",
      "Company": "Microsoft Corporation",
      "OriginalFileName": "FINDSTR.EXE",
      "CommandLine": "findstr  virus",
      "CurrentDirectory": "C:\\Users\\Administrator\\Downloads\\",
      "User": "ATTACKRANGE\\Administrator",
      "LogonGuid": "5AA13A44-568F-68FB-E39A-520000000000",
      "LogonId": "0x529ae3",
      "TerminalSessionId": 2,
      "IntegrityLevel": "High",
      "Hashes": "SHA1=7E484985CC835B3892F7445D2692227BA2D2E6F5,MD5=D0A20941751521C0D19BD3EABF34C446,SHA256=940CBEC6750076F2A191CBC8DA96AAE1905F7D9709B48C839BBD52884EFF1A45,IMPHASH=A27641A39DA5A6B0717E06BA00E56B7F",
      "ParentProcessGuid": "5AA13A44-D612-68FC-1931-000000004002",
      "ParentProcessId": 5144,
      "ParentImage": "C:\\Windows\\System32\\cmd.exe",
      "ParentCommandLine": "cmd  /c \"tasklist | findstr virus\"",
      "ParentUser": "ATTACKRANGE\\Administrator"
    }
  }
}
