{
  "Event": {
    "#attributes": {
      "xmlns": "http://schemas.microsoft.com/win/2004/08/events/event"
    },
    "System": {
      "Provider": {
        "#attributes": {
          "Name": "Microsoft-Windows-Sysmon",
          "Guid": "5770385F-C22A-43E0-BF4C-06F5698FFBD9"
        }
      },
      "EventID": 1,
      "Version": 5,
      "Level": 4,
      "Task": 1,
      "Opcode": 0,
      "Keywords": "0x8000000000000000",
      "TimeCreated": {
        "#attributes": {
          "SystemTime": "2025-10-25T13:47:34.903176Z"
        }
      },
      "EventRecordID": 9055342,
      "Correlation": null,
      "Execution": {
        "#attributes": {
          "ProcessID": 3308,
          "ThreadID": 4008
        }
      },
      "Channel": "Microsoft-Windows-Sysmon/Operational",
      "Computer": "ar-win-dc.attackrange.local",
      "Security": {
        "#attributes": {
          "UserID": "S-1-5-18"
        }
      }
    },
    "EventData": {
      "RuleName": "-",
      "UtcTime": "2025-10-25 13:47:34.894",
      "ProcessGuid": "5AA13A44-D4F6-68FC-F430-000000004002",
      "ProcessId": 7808,
      "Image": "C:\\Windows\\System32\\Dism.exe",
      "FileVersion": "10.0.20348.2849 (WinBuild.160101.0800)",
      "Description": "Dism Image Servicing Utility",
      "Product": "Microsoft® Windows® Operating System",
      "Company": "Microsoft Corporation",
      "OriginalFileName": "DISM.EXE",
      "CommandLine": "Dism  /online /Disable-Feature /FeatureName:Windows-Defender /Remove /NoRestart /quiet",
      "CurrentDirectory": "C:\\Users\\Administrator\\Downloads\\",
      "User": "ATTACKRANGE\\Administrator",
      "LogonGuid": "5AA13A44-568F-68FB-E39A-520000000000",
      "LogonId": "0x529ae3",
      "TerminalSessionId": 2,
      "IntegrityLevel": "High",
      "Hashes": "SHA1=0AABFEC24BA5FC8806492DCCE89094743219EDE4,MD5=0B1CB657FF6BF807D830A5B970ECC041,SHA256=1B1EC450CE9B4559C6A2AE8ED5D8715F5135BE20257DC84ED11EBB814F29A1F2,IMPHASH=7B40129B2F7F51468E0954D5A44D9CDD",
      "ParentProcessGuid": "5AA13A44-0FEC-68FC-281E-000000004002",
      "ParentProcessId": 6304,
      "ParentImage": "C:\\Windows\\System32\\cmd.exe",
      "ParentCommandLine": "\"C:\\Windows\\System32\\cmd.exe\"",
      "ParentUser": "ATTACKRANGE\\Administrator"
    }
  }
}
