{
  "Event": {
    "#attributes": {
      "xmlns": "http://schemas.microsoft.com/win/2004/08/events/event"
    },
    "System": {
      "Provider": {
        "#attributes": {
          "Name": "Microsoft-Windows-Sysmon",
          "Guid": "5770385F-C22A-43E0-BF4C-06F5698FFBD9"
        }
      },
      "EventID": 1,
      "Version": 5,
      "Level": 4,
      "Task": 1,
      "Opcode": 0,
      "Keywords": "0x8000000000000000",
      "TimeCreated": {
        "#attributes": {
          "SystemTime": "2025-10-26T23:25:03.181097Z"
        }
      },
      "EventRecordID": 32923086,
      "Correlation": null,
      "Execution": {
        "#attributes": {
          "ProcessID": 3308,
          "ThreadID": 4008
        }
      },
      "Channel": "Microsoft-Windows-Sysmon/Operational",
      "Computer": "ar-win-dc.attackrange.local",
      "Security": {
        "#attributes": {
          "UserID": "S-1-5-18"
        }
      }
    },
    "EventData": {
      "RuleName": "-",
      "UtcTime": "2025-10-26 23:25:03.169",
      "ProcessGuid": "5AA13A44-ADCF-68FE-295E-000000004002",
      "ProcessId": 4788,
      "Image": "C:\\Program Files\\Google\\Chrome\\Application\\chrome.exe",
      "FileVersion": "141.0.7390.123",
      "Description": "Google Chrome",
      "Product": "Google Chrome",
      "Company": "Google LLC",
      "OriginalFileName": "chrome.exe",
      "CommandLine": "\"C:\\Program Files\\Google\\Chrome\\Application\\chrome.exe\"  --load-extension=\"C:\\Users\\user\\AppData\\Local\\Temp\\HHe2lr\"",
      "CurrentDirectory": "C:\\",
      "User": "ATTACKRANGE\\Administrator",
      "LogonGuid": "5AA13A44-568F-68FB-E39A-520000000000",
      "LogonId": "0x529ae3",
      "TerminalSessionId": 2,
      "IntegrityLevel": "High",
      "Hashes": "SHA1=F946FD910D1D2B6BF54DDD57FEBF5F066058BC5A,MD5=36E9DFE8CEAE9E88100C6BBD1550DEDD,SHA256=6A9CF74C9FA74C16EA6F26351FA5EF8CE11191DBBD5EEADCB2591904767B96B0,IMPHASH=3E82AE93B8102462DDA81604AF164E8E",
      "ParentProcessGuid": "5AA13A44-0C90-68FC-BF1D-000000004002",
      "ParentProcessId": 10048,
      "ParentImage": "C:\\Windows\\System32\\cmd.exe",
      "ParentCommandLine": "\"C:\\Windows\\system32\\cmd.exe\"",
      "ParentUser": "ATTACKRANGE\\Administrator"
    }
  }
}
