{
  "Event": {
    "#attributes": {
      "xmlns": "http://schemas.microsoft.com/win/2004/08/events/event"
    },
    "System": {
      "Provider": {
        "#attributes": {
          "Name": "Microsoft-Windows-Sysmon",
          "Guid": "5770385F-C22A-43E0-BF4C-06F5698FFBD9"
        }
      },
      "EventID": 1,
      "Version": 5,
      "Level": 4,
      "Task": 1,
      "Opcode": 0,
      "Keywords": "0x8000000000000000",
      "TimeCreated": {
        "#attributes": {
          "SystemTime": "2025-10-23T10:01:48.031627Z"
        }
      },
      "EventRecordID": 650317,
      "Correlation": null,
      "Execution": {
        "#attributes": {
          "ProcessID": 3076,
          "ThreadID": 4936
        }
      },
      "Channel": "Microsoft-Windows-Sysmon/Operational",
      "Computer": "srv-01.midgardnet.tech",
      "Security": {
        "#attributes": {
          "UserID": "S-1-5-18"
        }
      }
    },
    "EventData": {
      "RuleName": "-",
      "UtcTime": "2025-10-23 10:01:48.012",
      "ProcessGuid": "14207D89-FD0C-68F9-D610-000000003F02",
      "ProcessId": 2064,
      "Image": "C:\\Program Files (x86)\\Advanced IP Scanner\\advanced_ip_scanner.exe",
      "FileVersion": "2.5.4594.1",
      "Description": "Advanced IP Scanner",
      "Product": "Advanced IP Scanner",
      "Company": "Famatech Corp.",
      "OriginalFileName": "advanced_ip_scanner.exe",
      "CommandLine": "\"C:\\Program Files (x86)\\Advanced IP Scanner\\advanced_ip_scanner.exe\"",
      "CurrentDirectory": "C:\\Program Files (x86)\\Advanced IP Scanner\\",
      "User": "MIDGARDNET\\SwachchhandaP",
      "LogonGuid": "14207D89-91E6-68F9-0F94-460000000000",
      "LogonId": "0x46940f",
      "TerminalSessionId": 2,
      "IntegrityLevel": "Medium",
      "Hashes": "MD5=B3411927CC7CD05E02BA64B2A789BBDE,SHA256=4B036CC9930BB42454172F888B8FDE1087797FC0C9D31AB546748BD2496BD3E5,IMPHASH=B7378C9136E7511821BFD495ADBE3CB0",
      "ParentProcessGuid": "14207D89-FCFD-68F9-D010-000000003F02",
      "ParentProcessId": 3240,
      "ParentImage": "C:\\Users\\SWACHC~1\\AppData\\Local\\Temp\\2\\is-F5HMR.tmp\\Advanced_IP_Scanner_2.5.4594.1.tmp",
      "ParentCommandLine": "\"C:\\Users\\SWACHC~1\\AppData\\Local\\Temp\\2\\is-F5HMR.tmp\\Advanced_IP_Scanner_2.5.4594.1.tmp\" /SL5=\"$E0218,20439558,139776,C:\\Users\\SwachchhandaP\\Downloads\\Advanced_IP_Scanner_2.5.4594.1.exe\"",
      "ParentUser": "MIDGARDNET\\SwachchhandaP"
    }
  }
}
