{
  "Event": {
    "#attributes": {
      "xmlns": "http://schemas.microsoft.com/win/2004/08/events/event"
    },
    "System": {
      "Provider": {
        "#attributes": {
          "Name": "Microsoft-Windows-Sysmon",
          "Guid": "5770385F-C22A-43E0-BF4C-06F5698FFBD9"
        }
      },
      "EventID": 1,
      "Version": 5,
      "Level": 4,
      "Task": 1,
      "Opcode": 0,
      "Keywords": "0x8000000000000000",
      "TimeCreated": {
        "#attributes": {
          "SystemTime": "2025-10-22T20:28:22.116872Z"
        }
      },
      "EventRecordID": 256810,
      "Correlation": null,
      "Execution": {
        "#attributes": {
          "ProcessID": 3168,
          "ThreadID": 4580
        }
      },
      "Channel": "Microsoft-Windows-Sysmon/Operational",
      "Computer": "ar-win-1",
      "Security": {
        "#attributes": {
          "UserID": "S-1-5-18"
        }
      }
    },
    "EventData": {
      "RuleName": "-",
      "UtcTime": "2025-10-22 20:28:22.113",
      "ProcessGuid": "5AB40FD1-3E66-68F9-2831-000000003B02",
      "ProcessId": 4832,
      "Image": "C:\\Users\\Administrator\\Downloads\\testdata\\renamed-wscript.exe",
      "FileVersion": "5.812.10240.16384",
      "Description": "Microsoft ® Windows Based Script Host",
      "Product": "Microsoft ® Windows Script Host",
      "Company": "Microsoft Corporation",
      "OriginalFileName": "wscript.exe",
      "CommandLine": "renamed-wscript.exe",
      "CurrentDirectory": "C:\\Users\\Administrator\\Downloads\\testdata\\",
      "User": "AR-WIN-1\\Administrator",
      "LogonGuid": "5AB40FD1-8D74-68F7-E44B-100000000000",
      "LogonId": "0x104be4",
      "TerminalSessionId": 2,
      "IntegrityLevel": "High",
      "Hashes": "MD5=BA3DDE938146C1C1A19D6762E0BF5311,SHA256=61891E70C5629397DD107066F520D1663C5136AB4366E0CB015EC1D047DFFC61,IMPHASH=EB3973026D64331DD575543A07621F9D",
      "ParentProcessGuid": "5AB40FD1-3E0C-68F9-1731-000000003B02",
      "ParentProcessId": 8252,
      "ParentImage": "C:\\Windows\\System32\\cmd.exe",
      "ParentCommandLine": "\"C:\\Windows\\system32\\cmd.exe\"",
      "ParentUser": "AR-WIN-1\\Administrator"
    }
  }
}
