{
  "Event": {
    "#attributes": {
      "xmlns": "http://schemas.microsoft.com/win/2004/08/events/event"
    },
    "System": {
      "Provider": {
        "#attributes": {
          "Name": "Microsoft-Windows-Sysmon",
          "Guid": "5770385F-C22A-43E0-BF4C-06F5698FFBD9"
        }
      },
      "EventID": 1,
      "Version": 5,
      "Level": 4,
      "Task": 1,
      "Opcode": 0,
      "Keywords": "0x8000000000000000",
      "TimeCreated": {
        "#attributes": {
          "SystemTime": "2025-10-27T00:09:41.570583Z"
        }
      },
      "EventRecordID": 33638020,
      "Correlation": null,
      "Execution": {
        "#attributes": {
          "ProcessID": 3380,
          "ThreadID": 4420
        }
      },
      "Channel": "Microsoft-Windows-Sysmon/Operational",
      "Computer": "ar-win-dc.attackrange.local",
      "Security": {
        "#attributes": {
          "UserID": "S-1-5-18"
        }
      }
    },
    "EventData": {
      "RuleName": "-",
      "UtcTime": "2025-10-27 00:09:41.563",
      "ProcessGuid": "5AA13A44-B845-68FE-3702-000000004102",
      "ProcessId": 9004,
      "Image": "C:\\Windows\\System32\\gpresult.exe",
      "FileVersion": "10.0.20348.4163 (WinBuild.160101.0800)",
      "Description": "Query Group Policy RSOP Data",
      "Product": "Microsoft® Windows® Operating System",
      "Company": "Microsoft Corporation",
      "OriginalFileName": "gprslt.exe",
      "CommandLine": "gpresult  /z",
      "CurrentDirectory": "C:\\Program Files\\DTrace\\",
      "User": "ATTACKRANGE\\Administrator",
      "LogonGuid": "5AA13A44-B54F-68FE-E547-0C0000000000",
      "LogonId": "0xc47e5",
      "TerminalSessionId": 2,
      "IntegrityLevel": "High",
      "Hashes": "SHA1=84DBEACB152615177EB5EE2AC4735B75186BC28F,MD5=80B679C92D709FF93DF2400966A5C183,SHA256=09F58BF0E2D334AAA7410AB613E71F4D1FD346ABEF010423020BD6C3A6C20195,IMPHASH=C853AD8534AC03E7AD69F32A5B0B1625",
      "ParentProcessGuid": "5AA13A44-B6AD-68FE-FC01-000000004102",
      "ParentProcessId": 10508,
      "ParentImage": "C:\\Windows\\System32\\cmd.exe",
      "ParentCommandLine": "\"C:\\Windows\\system32\\cmd.exe\"",
      "ParentUser": "ATTACKRANGE\\Administrator"
    }
  }
}
