{
  "Event": {
    "#attributes": {
      "xmlns": "http://schemas.microsoft.com/win/2004/08/events/event"
    },
    "System": {
      "Provider": {
        "#attributes": {
          "Name": "Microsoft-Windows-Sysmon",
          "Guid": "5770385F-C22A-43E0-BF4C-06F5698FFBD9"
        }
      },
      "EventID": 11,
      "Version": 2,
      "Level": 4,
      "Task": 11,
      "Opcode": 0,
      "Keywords": "0x8000000000000000",
      "TimeCreated": {
        "#attributes": {
          "SystemTime": "2025-10-24T23:43:34.136421Z"
        }
      },
      "EventRecordID": 26359,
      "Correlation": null,
      "Execution": {
        "#attributes": {
          "ProcessID": 3308,
          "ThreadID": 4008
        }
      },
      "Channel": "Microsoft-Windows-Sysmon/Operational",
      "Computer": "ar-win-dc.attackrange.local",
      "Security": {
        "#attributes": {
          "UserID": "S-1-5-18"
        }
      }
    },
    "EventData": {
      "RuleName": "-",
      "UtcTime": "2025-10-24 23:43:34.134",
      "ProcessGuid": "5AA13A44-D070-68FB-1A18-000000004002",
      "ProcessId": 7680,
      "Image": "C:\\Windows\\explorer.exe",
      "TargetFilename": "C:\\Users\\Administrator\\Downloads\\procdump64.exe",
      "CreationUtcTime": "2025-10-24 23:43:34.134",
      "User": "ATTACKRANGE\\Administrator"
    }
  }
}
{
  "Event": {
    "#attributes": {
      "xmlns": "http://schemas.microsoft.com/win/2004/08/events/event"
    },
    "System": {
      "Provider": {
        "#attributes": {
          "Name": "Microsoft-Windows-Sysmon",
          "Guid": "5770385F-C22A-43E0-BF4C-06F5698FFBD9"
        }
      },
      "EventID": 11,
      "Version": 2,
      "Level": 4,
      "Task": 11,
      "Opcode": 0,
      "Keywords": "0x8000000000000000",
      "TimeCreated": {
        "#attributes": {
          "SystemTime": "2025-10-24T23:43:34.154339Z"
        }
      },
      "EventRecordID": 26362,
      "Correlation": null,
      "Execution": {
        "#attributes": {
          "ProcessID": 3308,
          "ThreadID": 4008
        }
      },
      "Channel": "Microsoft-Windows-Sysmon/Operational",
      "Computer": "ar-win-dc.attackrange.local",
      "Security": {
        "#attributes": {
          "UserID": "S-1-5-18"
        }
      }
    },
    "EventData": {
      "RuleName": "-",
      "UtcTime": "2025-10-24 23:43:34.145",
      "ProcessGuid": "5AA13A44-D070-68FB-1A18-000000004002",
      "ProcessId": 7680,
      "Image": "C:\\Windows\\explorer.exe",
      "TargetFilename": "C:\\Users\\Administrator\\Downloads\\procdump64.exe:Zone.Identifier",
      "CreationUtcTime": "2022-11-03 15:55:14.000",
      "User": "ATTACKRANGE\\Administrator"
    }
  }
}
{
  "Event": {
    "#attributes": {
      "xmlns": "http://schemas.microsoft.com/win/2004/08/events/event"
    },
    "System": {
      "Provider": {
        "#attributes": {
          "Name": "Microsoft-Windows-Sysmon",
          "Guid": "5770385F-C22A-43E0-BF4C-06F5698FFBD9"
        }
      },
      "EventID": 11,
      "Version": 2,
      "Level": 4,
      "Task": 11,
      "Opcode": 0,
      "Keywords": "0x8000000000000000",
      "TimeCreated": {
        "#attributes": {
          "SystemTime": "2025-10-24T23:43:34.160852Z"
        }
      },
      "EventRecordID": 26366,
      "Correlation": null,
      "Execution": {
        "#attributes": {
          "ProcessID": 3308,
          "ThreadID": 4008
        }
      },
      "Channel": "Microsoft-Windows-Sysmon/Operational",
      "Computer": "ar-win-dc.attackrange.local",
      "Security": {
        "#attributes": {
          "UserID": "S-1-5-18"
        }
      }
    },
    "EventData": {
      "RuleName": "-",
      "UtcTime": "2025-10-24 23:43:34.145",
      "ProcessGuid": "5AA13A44-D070-68FB-1A18-000000004002",
      "ProcessId": 7680,
      "Image": "C:\\Windows\\explorer.exe",
      "TargetFilename": "C:\\Users\\Administrator\\Downloads\\procdump64a.exe",
      "CreationUtcTime": "2025-10-24 23:43:34.145",
      "User": "ATTACKRANGE\\Administrator"
    }
  }
}
{
  "Event": {
    "#attributes": {
      "xmlns": "http://schemas.microsoft.com/win/2004/08/events/event"
    },
    "System": {
      "Provider": {
        "#attributes": {
          "Name": "Microsoft-Windows-Sysmon",
          "Guid": "5770385F-C22A-43E0-BF4C-06F5698FFBD9"
        }
      },
      "EventID": 11,
      "Version": 2,
      "Level": 4,
      "Task": 11,
      "Opcode": 0,
      "Keywords": "0x8000000000000000",
      "TimeCreated": {
        "#attributes": {
          "SystemTime": "2025-10-24T23:43:34.177439Z"
        }
      },
      "EventRecordID": 26369,
      "Correlation": null,
      "Execution": {
        "#attributes": {
          "ProcessID": 3308,
          "ThreadID": 4008
        }
      },
      "Channel": "Microsoft-Windows-Sysmon/Operational",
      "Computer": "ar-win-dc.attackrange.local",
      "Security": {
        "#attributes": {
          "UserID": "S-1-5-18"
        }
      }
    },
    "EventData": {
      "RuleName": "-",
      "UtcTime": "2025-10-24 23:43:34.177",
      "ProcessGuid": "5AA13A44-D070-68FB-1A18-000000004002",
      "ProcessId": 7680,
      "Image": "C:\\Windows\\explorer.exe",
      "TargetFilename": "C:\\Users\\Administrator\\Downloads\\procdump64a.exe:Zone.Identifier",
      "CreationUtcTime": "2022-11-03 15:55:14.000",
      "User": "ATTACKRANGE\\Administrator"
    }
  }
}
{
  "Event": {
    "#attributes": {
      "xmlns": "http://schemas.microsoft.com/win/2004/08/events/event"
    },
    "System": {
      "Provider": {
        "#attributes": {
          "Name": "Microsoft-Windows-Sysmon",
          "Guid": "5770385F-C22A-43E0-BF4C-06F5698FFBD9"
        }
      },
      "EventID": 11,
      "Version": 2,
      "Level": 4,
      "Task": 11,
      "Opcode": 0,
      "Keywords": "0x8000000000000000",
      "TimeCreated": {
        "#attributes": {
          "SystemTime": "2025-10-24T23:43:34.183790Z"
        }
      },
      "EventRecordID": 26373,
      "Correlation": null,
      "Execution": {
        "#attributes": {
          "ProcessID": 3308,
          "ThreadID": 4008
        }
      },
      "Channel": "Microsoft-Windows-Sysmon/Operational",
      "Computer": "ar-win-dc.attackrange.local",
      "Security": {
        "#attributes": {
          "UserID": "S-1-5-18"
        }
      }
    },
    "EventData": {
      "RuleName": "-",
      "UtcTime": "2025-10-24 23:43:34.178",
      "ProcessGuid": "5AA13A44-D070-68FB-1A18-000000004002",
      "ProcessId": 7680,
      "Image": "C:\\Windows\\explorer.exe",
      "TargetFilename": "C:\\Users\\Administrator\\Downloads\\procdump.exe",
      "CreationUtcTime": "2025-10-24 23:43:34.178",
      "User": "ATTACKRANGE\\Administrator"
    }
  }
}
{
  "Event": {
    "#attributes": {
      "xmlns": "http://schemas.microsoft.com/win/2004/08/events/event"
    },
    "System": {
      "Provider": {
        "#attributes": {
          "Name": "Microsoft-Windows-Sysmon",
          "Guid": "5770385F-C22A-43E0-BF4C-06F5698FFBD9"
        }
      },
      "EventID": 11,
      "Version": 2,
      "Level": 4,
      "Task": 11,
      "Opcode": 0,
      "Keywords": "0x8000000000000000",
      "TimeCreated": {
        "#attributes": {
          "SystemTime": "2025-10-24T23:43:34.211790Z"
        }
      },
      "EventRecordID": 26376,
      "Correlation": null,
      "Execution": {
        "#attributes": {
          "ProcessID": 3308,
          "ThreadID": 4008
        }
      },
      "Channel": "Microsoft-Windows-Sysmon/Operational",
      "Computer": "ar-win-dc.attackrange.local",
      "Security": {
        "#attributes": {
          "UserID": "S-1-5-18"
        }
      }
    },
    "EventData": {
      "RuleName": "-",
      "UtcTime": "2025-10-24 23:43:34.209",
      "ProcessGuid": "5AA13A44-D070-68FB-1A18-000000004002",
      "ProcessId": 7680,
      "Image": "C:\\Windows\\explorer.exe",
      "TargetFilename": "C:\\Users\\Administrator\\Downloads\\procdump.exe:Zone.Identifier",
      "CreationUtcTime": "2022-11-03 15:55:14.000",
      "User": "ATTACKRANGE\\Administrator"
    }
  }
}
