{
  "Event": {
    "#attributes": {
      "xmlns": "http://schemas.microsoft.com/win/2004/08/events/event"
    },
    "System": {
      "Provider": {
        "#attributes": {
          "Name": "Microsoft-Windows-Sysmon",
          "Guid": "5770385F-C22A-43E0-BF4C-06F5698FFBD9"
        }
      },
      "EventID": 11,
      "Version": 2,
      "Level": 4,
      "Task": 11,
      "Opcode": 0,
      "Keywords": "0x8000000000000000",
      "TimeCreated": {
        "#attributes": {
          "SystemTime": "2025-10-24T23:36:29.111126Z"
        }
      },
      "EventRecordID": 18267,
      "Correlation": null,
      "Execution": {
        "#attributes": {
          "ProcessID": 3308,
          "ThreadID": 4008
        }
      },
      "Channel": "Microsoft-Windows-Sysmon/Operational",
      "Computer": "ar-win-dc.attackrange.local",
      "Security": {
        "#attributes": {
          "UserID": "S-1-5-18"
        }
      }
    },
    "EventData": {
      "RuleName": "-",
      "UtcTime": "2025-10-24 23:36:29.110",
      "ProcessGuid": "5AA13A44-0D74-68FC-EB1D-000000004002",
      "ProcessId": 5624,
      "Image": "C:\\Users\\ADMINI~1\\AppData\\Local\\Temp\\is-3C3LU.tmp\\Advanced_IP_Scanner_2.5.4594.1(1).tmp",
      "TargetFilename": "C:\\Users\\ADMINI~1\\AppData\\Local\\Temp\\Advanced IP Scanner 2\\platforms\\qwindows.dll",
      "CreationUtcTime": "2025-10-24 10:44:35.897",
      "User": "ATTACKRANGE\\Administrator"
    }
  }
}
