{
  "Event": {
    "#attributes": {
      "xmlns": "http://schemas.microsoft.com/win/2004/08/events/event"
    },
    "System": {
      "Provider": {
        "#attributes": {
          "Name": "Microsoft-Windows-Sysmon",
          "Guid": "5770385F-C22A-43E0-BF4C-06F5698FFBD9"
        }
      },
      "EventID": 11,
      "Version": 2,
      "Level": 4,
      "Task": 11,
      "Opcode": 0,
      "Keywords": "0x8000000000000000",
      "TimeCreated": {
        "#attributes": {
          "SystemTime": "2025-10-24T23:36:53.996168Z"
        }
      },
      "EventRecordID": 19025,
      "Correlation": null,
      "Execution": {
        "#attributes": {
          "ProcessID": 3308,
          "ThreadID": 4008
        }
      },
      "Channel": "Microsoft-Windows-Sysmon/Operational",
      "Computer": "ar-win-dc.attackrange.local",
      "Security": {
        "#attributes": {
          "UserID": "S-1-5-18"
        }
      }
    },
    "EventData": {
      "RuleName": "-",
      "UtcTime": "2025-10-24 23:36:53.977",
      "ProcessGuid": "5AA13A44-523E-68FB-1700-000000004002",
      "ProcessId": 1276,
      "Image": "C:\\Windows\\System32\\svchost.exe",
      "TargetFilename": "C:\\Users\\Administrator\\Documents\\fed85bf9-e075-4280-9159-fbe8a023d6fa.evtx",
      "CreationUtcTime": "2025-10-24 23:36:52.320",
      "User": "NT AUTHORITY\\LOCAL SERVICE"
    }
  }
}
