{
  "Event": {
    "#attributes": {
      "xmlns": "http://schemas.microsoft.com/win/2004/08/events/event"
    },
    "System": {
      "Provider": {
        "#attributes": {
          "Name": "Microsoft-Windows-Sysmon",
          "Guid": "5770385F-C22A-43E0-BF4C-06F5698FFBD9"
        }
      },
      "EventID": 1,
      "Version": 5,
      "Level": 4,
      "Task": 1,
      "Opcode": 0,
      "Keywords": "0x8000000000000000",
      "TimeCreated": {
        "#attributes": {
          "SystemTime": "2025-10-25T13:15:18.885132Z"
        }
      },
      "EventRecordID": 8471746,
      "Correlation": null,
      "Execution": {
        "#attributes": {
          "ProcessID": 3308,
          "ThreadID": 4008
        }
      },
      "Channel": "Microsoft-Windows-Sysmon/Operational",
      "Computer": "ar-win-dc.attackrange.local",
      "Security": {
        "#attributes": {
          "UserID": "S-1-5-18"
        }
      }
    },
    "EventData": {
      "RuleName": "-",
      "UtcTime": "2025-10-25 13:15:18.879",
      "ProcessGuid": "5AA13A44-CD66-68FC-F12F-000000004002",
      "ProcessId": 8620,
      "Image": "C:\\Windows\\System32\\cmd.exe",
      "FileVersion": "10.0.20348.3932 (WinBuild.160101.0800)",
      "Description": "Windows Command Processor",
      "Product": "Microsoft® Windows® Operating System",
      "Company": "Microsoft Corporation",
      "OriginalFileName": "Cmd.Exe",
      "CommandLine": "cmd  /c \"mklink C:\\Windows\\System32\\osk.exe C:\\Windows\\System32\\cmd.exe\"",
      "CurrentDirectory": "C:\\Users\\Administrator\\Downloads\\",
      "User": "ATTACKRANGE\\Administrator",
      "LogonGuid": "5AA13A44-568F-68FB-E39A-520000000000",
      "LogonId": "0x529ae3",
      "TerminalSessionId": 2,
      "IntegrityLevel": "High",
      "Hashes": "SHA1=BC2820B5EE7B43C172005B66546F12316DE8C081,MD5=8903A3381FBB033A45F5C2C50C175C54,SHA256=F7C237A49B96FD77C047910E13F24AAC4678A0F94BABDB06643DBA63F38D48E5,IMPHASH=D60B77062898DC6BFAE7FE11A0F8806C",
      "ParentProcessGuid": "5AA13A44-0FEC-68FC-281E-000000004002",
      "ParentProcessId": 6304,
      "ParentImage": "C:\\Windows\\System32\\cmd.exe",
      "ParentCommandLine": "\"C:\\Windows\\System32\\cmd.exe\"",
      "ParentUser": "ATTACKRANGE\\Administrator"
    }
  }
}
