{
  "Event": {
    "#attributes": {
      "xmlns": "http://schemas.microsoft.com/win/2004/08/events/event"
    },
    "System": {
      "Provider": {
        "#attributes": {
          "Name": "Microsoft-Windows-Sysmon",
          "Guid": "5770385F-C22A-43E0-BF4C-06F5698FFBD9"
        }
      },
      "EventID": 1,
      "Version": 5,
      "Level": 4,
      "Task": 1,
      "Opcode": 0,
      "Keywords": "0x8000000000000000",
      "TimeCreated": {
        "#attributes": {
          "SystemTime": "2025-10-25T17:27:26.975358Z"
        }
      },
      "EventRecordID": 11886324,
      "Correlation": null,
      "Execution": {
        "#attributes": {
          "ProcessID": 3308,
          "ThreadID": 4008
        }
      },
      "Channel": "Microsoft-Windows-Sysmon/Operational",
      "Computer": "ar-win-dc.attackrange.local",
      "Security": {
        "#attributes": {
          "UserID": "S-1-5-18"
        }
      }
    },
    "EventData": {
      "RuleName": "-",
      "UtcTime": "2025-10-25 17:27:26.974",
      "ProcessGuid": "5AA13A44-087E-68FD-1A36-000000004002",
      "ProcessId": 6788,
      "Image": "C:\\Windows\\System32\\chcp.com",
      "FileVersion": "10.0.20348.1 (WinBuild.160101.0800)",
      "Description": "Change CodePage Utility",
      "Product": "Microsoft® Windows® Operating System",
      "Company": "Microsoft Corporation",
      "OriginalFileName": "CHCP.COM",
      "CommandLine": "chcp",
      "CurrentDirectory": "C:\\Users\\Administrator\\Downloads\\",
      "User": "ATTACKRANGE\\Administrator",
      "LogonGuid": "5AA13A44-568F-68FB-E39A-520000000000",
      "LogonId": "0x529ae3",
      "TerminalSessionId": 2,
      "IntegrityLevel": "High",
      "Hashes": "SHA1=0489A9D0B4342F9C87C03510E0073898864946A5,MD5=0714C0100E008D00EC82E7B549595F69,SHA256=A807B535F7176642FC87911D185C10B00981388CDA68F5B8E2FF4C73FF514352,IMPHASH=75FA51C548B19C4AD5051FAB7D57EB56",
      "ParentProcessGuid": "5AA13A44-087E-68FD-1936-000000004002",
      "ParentProcessId": 8248,
      "ParentImage": "C:\\Windows\\System32\\cmd.exe",
      "ParentCommandLine": "cmd.exe  /c chcp",
      "ParentUser": "ATTACKRANGE\\Administrator"
    }
  }
}
