{
  "Event": {
    "#attributes": {
      "xmlns": "http://schemas.microsoft.com/win/2004/08/events/event"
    },
    "System": {
      "Provider": {
        "#attributes": {
          "Name": "Microsoft-Windows-Sysmon",
          "Guid": "5770385F-C22A-43E0-BF4C-06F5698FFBD9"
        }
      },
      "EventID": 1,
      "Version": 5,
      "Level": 4,
      "Task": 1,
      "Opcode": 0,
      "Keywords": "0x8000000000000000",
      "TimeCreated": {
        "#attributes": {
          "SystemTime": "2025-10-25T13:41:03.540138Z"
        }
      },
      "EventRecordID": 8933629,
      "Correlation": null,
      "Execution": {
        "#attributes": {
          "ProcessID": 3308,
          "ThreadID": 4008
        }
      },
      "Channel": "Microsoft-Windows-Sysmon/Operational",
      "Computer": "ar-win-dc.attackrange.local",
      "Security": {
        "#attributes": {
          "UserID": "S-1-5-18"
        }
      }
    },
    "EventData": {
      "RuleName": "-",
      "UtcTime": "2025-10-25 13:41:03.533",
      "ProcessGuid": "5AA13A44-D36F-68FC-CE30-000000004002",
      "ProcessId": 5956,
      "Image": "C:\\Users\\Administrator\\Downloads\\DirLister.exe",
      "FileVersion": "2.0.0.0",
      "Description": "DirLister.UI",
      "Product": "DirLister.UI",
      "Company": "DirLister",
      "OriginalFileName": "DirLister.exe",
      "CommandLine": "\"C:\\Users\\Administrator\\Downloads\\DirLister.exe\"",
      "CurrentDirectory": "C:\\Users\\Administrator\\Downloads\\",
      "User": "ATTACKRANGE\\Administrator",
      "LogonGuid": "5AA13A44-568F-68FB-E39A-520000000000",
      "LogonId": "0x529ae3",
      "TerminalSessionId": 2,
      "IntegrityLevel": "High",
      "Hashes": "SHA1=561771830EDE663651F3E6D731656D5D9E2BB19A,MD5=909E97D239C54B4563B61573FAE63C22,SHA256=C939927D7AB06E05B1B6E4951E8F7C45E54BA4EC3CA9399D7E1D9F5CA67C849C,IMPHASH=F34D5F2D4577ED6D9CEEC516C1F5A744",
      "ParentProcessGuid": "5AA13A44-D070-68FB-1A18-000000004002",
      "ParentProcessId": 7680,
      "ParentImage": "C:\\Windows\\explorer.exe",
      "ParentCommandLine": "\"C:\\Windows\\explorer.exe\" /NoUACCheck",
      "ParentUser": "ATTACKRANGE\\Administrator"
    }
  }
}
