{
  "Event": {
    "#attributes": {
      "xmlns": "http://schemas.microsoft.com/win/2004/08/events/event"
    },
    "System": {
      "Provider": {
        "#attributes": {
          "Name": "Microsoft-Windows-Sysmon",
          "Guid": "5770385F-C22A-43E0-BF4C-06F5698FFBD9"
        }
      },
      "EventID": 1,
      "Version": 5,
      "Level": 4,
      "Task": 1,
      "Opcode": 0,
      "Keywords": "0x8000000000000000",
      "TimeCreated": {
        "#attributes": {
          "SystemTime": "2025-10-22T20:30:29.328671Z"
        }
      },
      "EventRecordID": 256840,
      "Correlation": null,
      "Execution": {
        "#attributes": {
          "ProcessID": 3168,
          "ThreadID": 4580
        }
      },
      "Channel": "Microsoft-Windows-Sysmon/Operational",
      "Computer": "ar-win-1",
      "Security": {
        "#attributes": {
          "UserID": "S-1-5-18"
        }
      }
    },
    "EventData": {
      "RuleName": "-",
      "UtcTime": "2025-10-22 20:30:29.319",
      "ProcessGuid": "5AB40FD1-3EE5-68F9-3A31-000000003B02",
      "ProcessId": 480,
      "Image": "C:\\Users\\Administrator\\Downloads\\testdata\\renamed-curl.exe",
      "FileVersion": "8.13.0",
      "Description": "The curl executable",
      "Product": "The curl executable",
      "Company": "curl, https://curl.se/",
      "OriginalFileName": "curl.exe",
      "CommandLine": "renamed-curl.exe",
      "CurrentDirectory": "C:\\Users\\Administrator\\Downloads\\testdata\\",
      "User": "AR-WIN-1\\Administrator",
      "LogonGuid": "5AB40FD1-8D74-68F7-E44B-100000000000",
      "LogonId": "0x104be4",
      "TerminalSessionId": 2,
      "IntegrityLevel": "High",
      "Hashes": "MD5=90939B67542D77A32042B7C1945623B1,SHA256=3345339164CF384EFF527B6C3160FEA8D849A4231EC6CA80513E3A739E505168,IMPHASH=6C25E5A258C8C037CD5FBE44B10E696F",
      "ParentProcessGuid": "5AB40FD1-3E0C-68F9-1731-000000003B02",
      "ParentProcessId": 8252,
      "ParentImage": "C:\\Windows\\System32\\cmd.exe",
      "ParentCommandLine": "\"C:\\Windows\\system32\\cmd.exe\"",
      "ParentUser": "AR-WIN-1\\Administrator"
    }
  }
}
