{
  "Event": {
    "#attributes": {
      "xmlns": "http://schemas.microsoft.com/win/2004/08/events/event"
    },
    "System": {
      "Provider": {
        "#attributes": {
          "Name": "Microsoft-Windows-Sysmon",
          "Guid": "5770385F-C22A-43E0-BF4C-06F5698FFBD9"
        }
      },
      "EventID": 13,
      "Version": 2,
      "Level": 4,
      "Task": 13,
      "Opcode": 0,
      "Keywords": "0x8000000000000000",
      "TimeCreated": {
        "#attributes": {
          "SystemTime": "2025-10-25T23:59:35.308812Z"
        }
      },
      "EventRecordID": 16567695,
      "Correlation": null,
      "Execution": {
        "#attributes": {
          "ProcessID": 3308,
          "ThreadID": 4008
        }
      },
      "Channel": "Microsoft-Windows-Sysmon/Operational",
      "Computer": "ar-win-dc.attackrange.local",
      "Security": {
        "#attributes": {
          "UserID": "S-1-5-18"
        }
      }
    },
    "EventData": {
      "RuleName": "-",
      "EventType": "SetValue",
      "UtcTime": "2025-10-25 23:59:35.300",
      "ProcessGuid": "5AA13A44-6465-68FD-EF3E-000000004002",
      "ProcessId": 7500,
      "Image": "C:\\Users\\Administrator\\Downloads\\PsService.exe",
      "TargetObject": "HKU\\S-1-5-21-3960063115-309473240-3247002503-500\\Software\\Sysinternals\\PsService\\EulaAccepted",
      "Details": "DWORD (0x00000001)",
      "User": "ATTACKRANGE\\Administrator"
    }
  }
}
