{
  "Event": {
    "#attributes": {
      "xmlns": "http://schemas.microsoft.com/win/2004/08/events/event"
    },
    "System": {
      "Provider": {
        "#attributes": {
          "Name": "Microsoft-Windows-Sysmon",
          "Guid": "5770385F-C22A-43E0-BF4C-06F5698FFBD9"
        }
      },
      "EventID": 1,
      "Version": 5,
      "Level": 4,
      "Task": 1,
      "Opcode": 0,
      "Keywords": "0x8000000000000000",
      "TimeCreated": {
        "#attributes": {
          "SystemTime": "2025-10-22T20:25:23.218638Z"
        }
      },
      "EventRecordID": 256757,
      "Correlation": null,
      "Execution": {
        "#attributes": {
          "ProcessID": 3168,
          "ThreadID": 4580
        }
      },
      "Channel": "Microsoft-Windows-Sysmon/Operational",
      "Computer": "ar-win-1",
      "Security": {
        "#attributes": {
          "UserID": "S-1-5-18"
        }
      }
    },
    "EventData": {
      "RuleName": "-",
      "UtcTime": "2025-10-22 20:25:23.215",
      "ProcessGuid": "5AB40FD1-3DB3-68F9-0A31-000000003B02",
      "ProcessId": 5312,
      "Image": "C:\\Users\\Administrator\\Downloads\\testdata\\renamed-ftp.exe",
      "FileVersion": "10.0.20348.3451 (WinBuild.160101.0800)",
      "Description": "File Transfer Program",
      "Product": "Microsoft® Windows® Operating System",
      "Company": "Microsoft Corporation",
      "OriginalFileName": "ftp.exe",
      "CommandLine": "renamed-ftp.exe",
      "CurrentDirectory": "C:\\Users\\Administrator\\Downloads\\testdata\\",
      "User": "AR-WIN-1\\Administrator",
      "LogonGuid": "5AB40FD1-8D74-68F7-E44B-100000000000",
      "LogonId": "0x104be4",
      "TerminalSessionId": 2,
      "IntegrityLevel": "High",
      "Hashes": "MD5=02EF5C4F3C041DE47811498C331B6F46,SHA256=B551CF05B43639364EFC71995E19DB620F5EFCE311110D0CF932354C3FE6ED7A,IMPHASH=7B22256667E90FDEA4DBB956FD02584C",
      "ParentProcessGuid": "5AB40FD1-8DEB-68F7-7E01-000000003B02",
      "ParentProcessId": 476,
      "ParentImage": "C:\\Windows\\System32\\cmd.exe",
      "ParentCommandLine": "\"C:\\Windows\\system32\\cmd.exe\"",
      "ParentUser": "AR-WIN-1\\Administrator"
    }
  }
}
