{
  "Event": {
    "#attributes": {
      "xmlns": "http://schemas.microsoft.com/win/2004/08/events/event"
    },
    "System": {
      "Provider": {
        "#attributes": {
          "Name": "Microsoft-Windows-Sysmon",
          "Guid": "5770385F-C22A-43E0-BF4C-06F5698FFBD9"
        }
      },
      "EventID": 11,
      "Version": 2,
      "Level": 4,
      "Task": 11,
      "Opcode": 0,
      "Keywords": "0x8000000000000000",
      "TimeCreated": {
        "#attributes": {
          "SystemTime": "2025-10-24T23:50:20.590884Z"
        }
      },
      "EventRecordID": 53968,
      "Correlation": null,
      "Execution": {
        "#attributes": {
          "ProcessID": 3308,
          "ThreadID": 4008
        }
      },
      "Channel": "Microsoft-Windows-Sysmon/Operational",
      "Computer": "ar-win-dc.attackrange.local",
      "Security": {
        "#attributes": {
          "UserID": "S-1-5-18"
        }
      }
    },
    "EventData": {
      "RuleName": "-",
      "UtcTime": "2025-10-24 23:50:20.576",
      "ProcessGuid": "5AA13A44-10B3-68FC-4E1E-000000004002",
      "ProcessId": 2956,
      "Image": "C:\\Windows\\system32\\taskmgr.exe",
      "TargetFilename": "C:\\Users\\ADMINI~1\\AppData\\Local\\Temp\\lsass.DMP",
      "CreationUtcTime": "2025-10-24 23:50:20.576",
      "User": "ATTACKRANGE\\Administrator"
    }
  }
}
