{
  "Event": {
    "#attributes": {
      "xmlns": "http://schemas.microsoft.com/win/2004/08/events/event"
    },
    "System": {
      "Provider": {
        "#attributes": {
          "Name": "Microsoft-Windows-Sysmon",
          "Guid": "5770385F-C22A-43E0-BF4C-06F5698FFBD9"
        }
      },
      "EventID": 16,
      "Version": 3,
      "Level": 4,
      "Task": 16,
      "Opcode": 0,
      "Keywords": "0x8000000000000000",
      "TimeCreated": {
        "#attributes": {
          "SystemTime": "2025-10-24T23:33:08.092105Z"
        }
      },
      "EventRecordID": 11738,
      "Correlation": null,
      "Execution": {
        "#attributes": {
          "ProcessID": 8932,
          "ThreadID": 1540
        }
      },
      "Channel": "Microsoft-Windows-Sysmon/Operational",
      "Computer": "ar-win-dc.attackrange.local",
      "Security": {
        "#attributes": {
          "UserID": "S-1-5-21-3960063115-309473240-3247002503-500"
        }
      }
    },
    "EventData": {
      "UtcTime": "2025-10-24 23:33:08.088",
      "Configuration": "C:\\Users\\Administrator\\Downloads\\sysmonconfig-trace.xml",
      "ConfigurationFileHash": "SHA256=B977839264146AFDE215D41182F78F153F9198EBA8EF0B88426239C33FBDA945"
    }
  }
}
