{
  "Event": {
    "#attributes": {
      "xmlns": "http://schemas.microsoft.com/win/2004/08/events/event"
    },
    "System": {
      "Provider": {
        "#attributes": {
          "Name": "Microsoft-Windows-Sysmon",
          "Guid": "5770385F-C22A-43E0-BF4C-06F5698FFBD9"
        }
      },
      "EventID": 1,
      "Version": 5,
      "Level": 4,
      "Task": 1,
      "Opcode": 0,
      "Keywords": "0x8000000000000000",
      "TimeCreated": {
        "#attributes": {
          "SystemTime": "2025-10-26T23:39:33.565515Z"
        }
      },
      "EventRecordID": 33232425,
      "Correlation": null,
      "Execution": {
        "#attributes": {
          "ProcessID": 3308,
          "ThreadID": 4008
        }
      },
      "Channel": "Microsoft-Windows-Sysmon/Operational",
      "Computer": "ar-win-dc.attackrange.local",
      "Security": {
        "#attributes": {
          "UserID": "S-1-5-18"
        }
      }
    },
    "EventData": {
      "RuleName": "-",
      "UtcTime": "2025-10-26 23:39:33.564",
      "ProcessGuid": "5AA13A44-B135-68FE-035F-000000004002",
      "ProcessId": 10712,
      "Image": "C:\\Users\\Administrator\\Desktop\\Tor Browser\\Browser\\firefox.exe",
      "FileVersion": "128.14.0",
      "Description": "Tor Browser",
      "Product": "Tor Browser",
      "Company": "Mozilla Corporation",
      "OriginalFileName": "firefox.exe",
      "CommandLine": "\"C:\\Users\\Administrator\\Desktop\\Tor Browser\\Browser\\firefox.exe\"",
      "CurrentDirectory": "C:\\Users\\Administrator\\Desktop\\Tor Browser\\Browser\\",
      "User": "ATTACKRANGE\\Administrator",
      "LogonGuid": "5AA13A44-568F-68FB-E39A-520000000000",
      "LogonId": "0x529ae3",
      "TerminalSessionId": 2,
      "IntegrityLevel": "Medium",
      "Hashes": "SHA1=9D317F48BA264346D1BA2DA10B0893B156FA69BF,MD5=66D34277F992DB4CA8561FD1A5C483E4,SHA256=683574EBC203C630AF98256516D7CBC50E270E7C5A56E1D46CB9CA671B3D9F32,IMPHASH=EEC7642CF938691D739D1F9BED0DF74D",
      "ParentProcessGuid": "5AA13A44-B135-68FE-025F-000000004002",
      "ParentProcessId": 1292,
      "ParentImage": "C:\\Users\\Administrator\\Desktop\\Tor Browser\\Browser\\firefox.exe",
      "ParentCommandLine": "\"C:\\Users\\Administrator\\Desktop\\Tor Browser\\Browser\\firefox.exe\"",
      "ParentUser": "ATTACKRANGE\\Administrator"
    }
  }
}
