{
  "Event": {
    "#attributes": {
      "xmlns": "http://schemas.microsoft.com/win/2004/08/events/event"
    },
    "System": {
      "Provider": {
        "#attributes": {
          "Name": "Microsoft-Windows-Sysmon",
          "Guid": "5770385F-C22A-43E0-BF4C-06F5698FFBD9"
        }
      },
      "EventID": 11,
      "Version": 2,
      "Level": 4,
      "Task": 11,
      "Opcode": 0,
      "Keywords": "0x8000000000000000",
      "TimeCreated": {
        "#attributes": {
          "SystemTime": "2025-10-24T23:34:34.640670Z"
        }
      },
      "EventRecordID": 14961,
      "Correlation": null,
      "Execution": {
        "#attributes": {
          "ProcessID": 3308,
          "ThreadID": 4008
        }
      },
      "Channel": "Microsoft-Windows-Sysmon/Operational",
      "Computer": "ar-win-dc.attackrange.local",
      "Security": {
        "#attributes": {
          "UserID": "S-1-5-18"
        }
      }
    },
    "EventData": {
      "RuleName": "-",
      "UtcTime": "2025-10-24 23:34:34.634",
      "ProcessGuid": "5AA13A44-0D08-68FC-DC1D-000000004002",
      "ProcessId": 7760,
      "Image": "C:\\Users\\Administrator\\Desktop\\AnyDesk.exe",
      "TargetFilename": "C:\\Users\\Administrator\\AppData\\Roaming\\AnyDesk\\service.conf.new",
      "CreationUtcTime": "2025-10-24 23:34:32.457",
      "User": "ATTACKRANGE\\Administrator"
    }
  }
}
{
  "Event": {
    "#attributes": {
      "xmlns": "http://schemas.microsoft.com/win/2004/08/events/event"
    },
    "System": {
      "Provider": {
        "#attributes": {
          "Name": "Microsoft-Windows-Sysmon",
          "Guid": "5770385F-C22A-43E0-BF4C-06F5698FFBD9"
        }
      },
      "EventID": 11,
      "Version": 2,
      "Level": 4,
      "Task": 11,
      "Opcode": 0,
      "Keywords": "0x8000000000000000",
      "TimeCreated": {
        "#attributes": {
          "SystemTime": "2025-10-24T23:34:34.644616Z"
        }
      },
      "EventRecordID": 14963,
      "Correlation": null,
      "Execution": {
        "#attributes": {
          "ProcessID": 3308,
          "ThreadID": 4008
        }
      },
      "Channel": "Microsoft-Windows-Sysmon/Operational",
      "Computer": "ar-win-dc.attackrange.local",
      "Security": {
        "#attributes": {
          "UserID": "S-1-5-18"
        }
      }
    },
    "EventData": {
      "RuleName": "-",
      "UtcTime": "2025-10-24 23:34:34.634",
      "ProcessGuid": "5AA13A44-0D08-68FC-DC1D-000000004002",
      "ProcessId": 7760,
      "Image": "C:\\Users\\Administrator\\Desktop\\AnyDesk.exe",
      "TargetFilename": "C:\\Users\\Administrator\\AppData\\Roaming\\AnyDesk\\service.conf~RF2d9c1fe.TMP",
      "CreationUtcTime": "2025-10-24 23:34:34.634",
      "User": "ATTACKRANGE\\Administrator"
    }
  }
}
{
  "Event": {
    "#attributes": {
      "xmlns": "http://schemas.microsoft.com/win/2004/08/events/event"
    },
    "System": {
      "Provider": {
        "#attributes": {
          "Name": "Microsoft-Windows-Sysmon",
          "Guid": "5770385F-C22A-43E0-BF4C-06F5698FFBD9"
        }
      },
      "EventID": 11,
      "Version": 2,
      "Level": 4,
      "Task": 11,
      "Opcode": 0,
      "Keywords": "0x8000000000000000",
      "TimeCreated": {
        "#attributes": {
          "SystemTime": "2025-10-24T23:34:34.649129Z"
        }
      },
      "EventRecordID": 14985,
      "Correlation": null,
      "Execution": {
        "#attributes": {
          "ProcessID": 3308,
          "ThreadID": 4008
        }
      },
      "Channel": "Microsoft-Windows-Sysmon/Operational",
      "Computer": "ar-win-dc.attackrange.local",
      "Security": {
        "#attributes": {
          "UserID": "S-1-5-18"
        }
      }
    },
    "EventData": {
      "RuleName": "-",
      "UtcTime": "2025-10-24 23:34:34.645",
      "ProcessGuid": "5AA13A44-0D08-68FC-DD1D-000000004002",
      "ProcessId": 9612,
      "Image": "C:\\Users\\Administrator\\Desktop\\AnyDesk.exe",
      "TargetFilename": "C:\\Users\\Administrator\\AppData\\Roaming\\AnyDesk\\user.conf.new",
      "CreationUtcTime": "2025-10-24 23:34:32.250",
      "User": "ATTACKRANGE\\Administrator"
    }
  }
}
{
  "Event": {
    "#attributes": {
      "xmlns": "http://schemas.microsoft.com/win/2004/08/events/event"
    },
    "System": {
      "Provider": {
        "#attributes": {
          "Name": "Microsoft-Windows-Sysmon",
          "Guid": "5770385F-C22A-43E0-BF4C-06F5698FFBD9"
        }
      },
      "EventID": 11,
      "Version": 2,
      "Level": 4,
      "Task": 11,
      "Opcode": 0,
      "Keywords": "0x8000000000000000",
      "TimeCreated": {
        "#attributes": {
          "SystemTime": "2025-10-24T23:34:34.653476Z"
        }
      },
      "EventRecordID": 14988,
      "Correlation": null,
      "Execution": {
        "#attributes": {
          "ProcessID": 3308,
          "ThreadID": 4008
        }
      },
      "Channel": "Microsoft-Windows-Sysmon/Operational",
      "Computer": "ar-win-dc.attackrange.local",
      "Security": {
        "#attributes": {
          "UserID": "S-1-5-18"
        }
      }
    },
    "EventData": {
      "RuleName": "-",
      "UtcTime": "2025-10-24 23:34:34.645",
      "ProcessGuid": "5AA13A44-0D08-68FC-DD1D-000000004002",
      "ProcessId": 9612,
      "Image": "C:\\Users\\Administrator\\Desktop\\AnyDesk.exe",
      "TargetFilename": "C:\\Users\\Administrator\\AppData\\Roaming\\AnyDesk\\user.conf~RF2d9c20d.TMP",
      "CreationUtcTime": "2025-10-24 23:34:34.645",
      "User": "ATTACKRANGE\\Administrator"
    }
  }
}
{
  "Event": {
    "#attributes": {
      "xmlns": "http://schemas.microsoft.com/win/2004/08/events/event"
    },
    "System": {
      "Provider": {
        "#attributes": {
          "Name": "Microsoft-Windows-Sysmon",
          "Guid": "5770385F-C22A-43E0-BF4C-06F5698FFBD9"
        }
      },
      "EventID": 11,
      "Version": 2,
      "Level": 4,
      "Task": 11,
      "Opcode": 0,
      "Keywords": "0x8000000000000000",
      "TimeCreated": {
        "#attributes": {
          "SystemTime": "2025-10-24T23:34:34.655191Z"
        }
      },
      "EventRecordID": 14990,
      "Correlation": null,
      "Execution": {
        "#attributes": {
          "ProcessID": 3308,
          "ThreadID": 4008
        }
      },
      "Channel": "Microsoft-Windows-Sysmon/Operational",
      "Computer": "ar-win-dc.attackrange.local",
      "Security": {
        "#attributes": {
          "UserID": "S-1-5-18"
        }
      }
    },
    "EventData": {
      "RuleName": "-",
      "UtcTime": "2025-10-24 23:34:34.645",
      "ProcessGuid": "5AA13A44-0D08-68FC-DD1D-000000004002",
      "ProcessId": 9612,
      "Image": "C:\\Users\\Administrator\\Desktop\\AnyDesk.exe",
      "TargetFilename": "C:\\Users\\Administrator\\AppData\\Roaming\\AnyDesk\\user.conf.new",
      "CreationUtcTime": "2025-10-24 23:34:32.250",
      "User": "ATTACKRANGE\\Administrator"
    }
  }
}
