{
  "Event": {
    "#attributes": {
      "xmlns": "http://schemas.microsoft.com/win/2004/08/events/event"
    },
    "System": {
      "Provider": {
        "#attributes": {
          "Name": "Microsoft-Windows-Sysmon",
          "Guid": "5770385F-C22A-43E0-BF4C-06F5698FFBD9"
        }
      },
      "EventID": 1,
      "Version": 5,
      "Level": 4,
      "Task": 1,
      "Opcode": 0,
      "Keywords": "0x8000000000000000",
      "TimeCreated": {
        "#attributes": {
          "SystemTime": "2025-10-22T20:32:00.478719Z"
        }
      },
      "EventRecordID": 256855,
      "Correlation": null,
      "Execution": {
        "#attributes": {
          "ProcessID": 3168,
          "ThreadID": 4580
        }
      },
      "Channel": "Microsoft-Windows-Sysmon/Operational",
      "Computer": "ar-win-1",
      "Security": {
        "#attributes": {
          "UserID": "S-1-5-18"
        }
      }
    },
    "EventData": {
      "RuleName": "-",
      "UtcTime": "2025-10-22 20:32:00.468",
      "ProcessGuid": "5AB40FD1-3F40-68F9-4431-000000003B02",
      "ProcessId": 2808,
      "Image": "C:\\Users\\Administrator\\Downloads\\testdata\\renamed-msdt.exe",
      "FileVersion": "10.0.20348.2849 (WinBuild.160101.0800)",
      "Description": "Diagnostics Troubleshooting Wizard",
      "Product": "Microsoft® Windows® Operating System",
      "Company": "Microsoft Corporation",
      "OriginalFileName": "msdt.exe",
      "CommandLine": "renamed-msdt.exe",
      "CurrentDirectory": "C:\\Users\\Administrator\\Downloads\\testdata\\",
      "User": "AR-WIN-1\\Administrator",
      "LogonGuid": "5AB40FD1-8D74-68F7-E44B-100000000000",
      "LogonId": "0x104be4",
      "TerminalSessionId": 2,
      "IntegrityLevel": "High",
      "Hashes": "MD5=7C70F1DDC865BCFF963AD1CCFAA5E145,SHA256=377DD147174704790E2E981893E49FB72CE18133CF7E9E2EAA794ADF2F80D2DA,IMPHASH=9F0D1C67FCB6D4D5059556FF5E9A642B",
      "ParentProcessGuid": "5AB40FD1-3E0C-68F9-1731-000000003B02",
      "ParentProcessId": 8252,
      "ParentImage": "C:\\Windows\\System32\\cmd.exe",
      "ParentCommandLine": "\"C:\\Windows\\system32\\cmd.exe\"",
      "ParentUser": "AR-WIN-1\\Administrator"
    }
  }
}
