{
  "Event": {
    "#attributes": {
      "xmlns": "http://schemas.microsoft.com/win/2004/08/events/event"
    },
    "System": {
      "Provider": {
        "#attributes": {
          "Name": "Microsoft-Windows-Sysmon",
          "Guid": "5770385F-C22A-43E0-BF4C-06F5698FFBD9"
        }
      },
      "EventID": 1,
      "Version": 5,
      "Level": 4,
      "Task": 1,
      "Opcode": 0,
      "Keywords": "0x8000000000000000",
      "TimeCreated": {
        "#attributes": {
          "SystemTime": "2025-11-27T07:57:32.087108Z"
        }
      },
      "EventRecordID": 676334,
      "Correlation": null,
      "Execution": {
        "#attributes": {
          "ProcessID": 3544,
          "ThreadID": 4264
        }
      },
      "Channel": "Microsoft-Windows-Sysmon/Operational",
      "Computer": "swachchhanda",
      "Security": {
        "#attributes": {
          "UserID": "S-1-5-18"
        }
      }
    },
    "EventData": {
      "RuleName": "-",
      "UtcTime": "2025-11-27 07:57:32.080",
      "ProcessGuid": "0197231E-046C-6928-150C-000000000D00",
      "ProcessId": 7088,
      "Image": "C:\\Users\\Public\\wsass\\WSASS.exe",
      "FileVersion": "-",
      "Description": "-",
      "Product": "-",
      "Company": "-",
      "OriginalFileName": "-",
      "CommandLine": "WSASS.exe  WerFaultSecure.exe 860",
      "CurrentDirectory": "C:\\Users\\Public\\wsass\\",
      "User": "swachchhanda\\xodih",
      "LogonGuid": "0197231E-B736-6923-B25C-3B0000000000",
      "LogonId": "0x3b5cb2",
      "TerminalSessionId": 1,
      "IntegrityLevel": "High",
      "Hashes": "SHA1=63AF15DCCB5CA8704918B7A8BFD0308726B2D7FD,MD5=D7A969E5A3636BF8FC9CA8A72021BFDC,SHA256=0977C9337EC1215C48A666464AFDA5C9A30CD24999A5F8E821E672991864A74C,IMPHASH=32F5095C9BBDCACF28FD4060EB4DFC42",
      "ParentProcessGuid": "0197231E-0250-6928-D30B-000000000D00",
      "ParentProcessId": 11640,
      "ParentImage": "C:\\Windows\\System32\\cmd.exe",
      "ParentCommandLine": "\"C:\\WINDOWS\\system32\\cmd.exe\"",
      "ParentUser": "swachchhanda\\xodih"
    }
  }
}
