{
  "Event": {
    "#attributes": {
      "xmlns": "http://schemas.microsoft.com/win/2004/08/events/event"
    },
    "System": {
      "Provider": {
        "#attributes": {
          "Name": "Microsoft-Windows-Sysmon",
          "Guid": "5770385F-C22A-43E0-BF4C-06F5698FFBD9"
        }
      },
      "EventID": 10,
      "Version": 3,
      "Level": 4,
      "Task": 10,
      "Opcode": 0,
      "Keywords": "0x8000000000000000",
      "TimeCreated": {
        "#attributes": {
          "SystemTime": "2025-11-27T07:57:32.317336Z"
        }
      },
      "EventRecordID": 676404,
      "Correlation": null,
      "Execution": {
        "#attributes": {
          "ProcessID": 3544,
          "ThreadID": 4264
        }
      },
      "Channel": "Microsoft-Windows-Sysmon/Operational",
      "Computer": "swachchhanda",
      "Security": {
        "#attributes": {
          "UserID": "S-1-5-18"
        }
      }
    },
    "EventData": {
      "RuleName": "-",
      "UtcTime": "2025-11-27 07:57:32.315",
      "SourceProcessGUID": "0197231E-046C-6928-160C-000000000D00",
      "SourceProcessId": 296,
      "SourceThreadId": 5260,
      "SourceImage": "C:\\Users\\Public\\wsass\\WerFaultSecure.exe",
      "TargetProcessGUID": "0197231E-2DD5-691E-0C00-000000000D00",
      "TargetProcessId": 860,
      "TargetImage": "C:\\WINDOWS\\system32\\lsass.exe",
      "GrantedAccess": "0x1fffff",
      "CallTrace": "C:\\WINDOWS\\SYSTEM32\\ntdll.dll+16bcc4|C:\\WINDOWS\\SYSTEM32\\ntdll.dll+17aee0|C:\\WINDOWS\\SYSTEM32\\KERNEL32.DLL+7f7dc|C:\\WINDOWS\\SYSTEM32\\KERNEL32.DLL+c8d28|C:\\WINDOWS\\SYSTEM32\\dbgcore.DLL+44c34|C:\\WINDOWS\\SYSTEM32\\dbgcore.DLL+48f2c|C:\\WINDOWS\\SYSTEM32\\dbgcore.DLL+3d414|C:\\WINDOWS\\SYSTEM32\\dbgcore.DLL+29c7c|C:\\WINDOWS\\SYSTEM32\\dbgcore.DLL+2a1f0|C:\\WINDOWS\\SYSTEM32\\dbgcore.DLL+4f894|C:\\Users\\Public\\wsass\\WerFaultSecure.exe+3a64|C:\\Users\\Public\\wsass\\WerFaultSecure.exe+2576|C:\\Users\\Public\\wsass\\WerFaultSecure.exe+20c9|C:\\Users\\Public\\wsass\\WerFaultSecure.exe+1a0b|C:\\Users\\Public\\wsass\\WerFaultSecure.exe+48cc|C:\\WINDOWS\\SYSTEM32\\KERNEL32.DLL+f17ac",
      "SourceUser": "swachchhanda\\xodih",
      "TargetUser": "NT AUTHORITY\\SYSTEM"
    }
  }
}
