{
  "Event": {
    "#attributes": {
      "xmlns": "http://schemas.microsoft.com/win/2004/08/events/event"
    },
    "System": {
      "Provider": {
        "#attributes": {
          "Name": "Microsoft-Windows-Sysmon",
          "Guid": "5770385F-C22A-43E0-BF4C-06F5698FFBD9"
        }
      },
      "EventID": 13,
      "Version": 2,
      "Level": 4,
      "Task": 13,
      "Opcode": 0,
      "Keywords": "0x8000000000000000",
      "TimeCreated": {
        "#attributes": {
          "SystemTime": "2025-10-25T23:49:35.941239Z"
        }
      },
      "EventRecordID": 16380977,
      "Correlation": null,
      "Execution": {
        "#attributes": {
          "ProcessID": 3308,
          "ThreadID": 4008
        }
      },
      "Channel": "Microsoft-Windows-Sysmon/Operational",
      "Computer": "ar-win-dc.attackrange.local",
      "Security": {
        "#attributes": {
          "UserID": "S-1-5-18"
        }
      }
    },
    "EventData": {
      "RuleName": "-",
      "EventType": "SetValue",
      "UtcTime": "2025-10-25 23:49:35.941",
      "ProcessGuid": "5AA13A44-620F-68FD-9A3E-000000004002",
      "ProcessId": 9952,
      "Image": "C:\\Windows\\system32\\regsvr32.exe",
      "TargetObject": "HKLM\\SOFTWARE\\Microsoft\\AMSI\\Providers\\{00000000-DEAD-DEAD-DEAD-B2B2E0859059}\\(Default)",
      "Details": "FakeAmsi",
      "User": "ATTACKRANGE\\Administrator"
    }
  }
}
