{
  "Event": {
    "#attributes": {
      "xmlns": "http://schemas.microsoft.com/win/2004/08/events/event"
    },
    "System": {
      "Provider": {
        "#attributes": {
          "Name": "Microsoft-Windows-Sysmon",
          "Guid": "5770385F-C22A-43E0-BF4C-06F5698FFBD9"
        }
      },
      "EventID": 1,
      "Version": 5,
      "Level": 4,
      "Task": 1,
      "Opcode": 0,
      "Keywords": "0x8000000000000000",
      "TimeCreated": {
        "#attributes": {
          "SystemTime": "2025-10-26T23:28:43.862519Z"
        }
      },
      "EventRecordID": 32995046,
      "Correlation": null,
      "Execution": {
        "#attributes": {
          "ProcessID": 3308,
          "ThreadID": 4008
        }
      },
      "Channel": "Microsoft-Windows-Sysmon/Operational",
      "Computer": "ar-win-dc.attackrange.local",
      "Security": {
        "#attributes": {
          "UserID": "S-1-5-18"
        }
      }
    },
    "EventData": {
      "RuleName": "-",
      "UtcTime": "2025-10-26 23:28:43.810",
      "ProcessGuid": "5AA13A44-AEAB-68FE-435E-000000004002",
      "ProcessId": 5784,
      "Image": "C:\\Program Files (x86)\\Microsoft\\Edge\\Application\\msedge.exe",
      "FileVersion": "141.0.3537.99",
      "Description": "Microsoft Edge",
      "Product": "Microsoft Edge",
      "Company": "Microsoft Corporation",
      "OriginalFileName": "msedge.exe",
      "CommandLine": "\"C:\\Program Files (x86)\\Microsoft\\Edge\\Application\\msedge.exe\"   --headless=new --disable-gpu https://mockbin.org/bin/31b1332f-8f5c-490e-8ec0-78e77b4e5709",
      "CurrentDirectory": "C:\\",
      "User": "ATTACKRANGE\\Administrator",
      "LogonGuid": "5AA13A44-568F-68FB-E39A-520000000000",
      "LogonId": "0x529ae3",
      "TerminalSessionId": 2,
      "IntegrityLevel": "High",
      "Hashes": "SHA1=77B843BADE25E2B6FEA4ED02D9DCFDB32759285A,MD5=2CB9DCC4B733F88A7155F0D63AC634B8,SHA256=151A7E879BB4B534AC95D61B982C899CFF3DC01EDC2575FC8D71B3B9B44C8834,IMPHASH=4C2A67DEB457B8BF9F317820EE11E05D",
      "ParentProcessGuid": "5AA13A44-0C90-68FC-BF1D-000000004002",
      "ParentProcessId": 10048,
      "ParentImage": "C:\\Windows\\System32\\cmd.exe",
      "ParentCommandLine": "\"C:\\Windows\\system32\\cmd.exe\"",
      "ParentUser": "ATTACKRANGE\\Administrator"
    }
  }
}
