{
  "Event": {
    "#attributes": {
      "xmlns": "http://schemas.microsoft.com/win/2004/08/events/event"
    },
    "System": {
      "Provider": {
        "#attributes": {
          "Name": "Microsoft-Windows-Sysmon",
          "Guid": "5770385F-C22A-43E0-BF4C-06F5698FFBD9"
        }
      },
      "EventID": 12,
      "Version": 2,
      "Level": 4,
      "Task": 12,
      "Opcode": 0,
      "Keywords": "0x8000000000000000",
      "TimeCreated": {
        "#attributes": {
          "SystemTime": "2025-10-26T00:11:12.880834Z"
        }
      },
      "EventRecordID": 16786799,
      "Correlation": null,
      "Execution": {
        "#attributes": {
          "ProcessID": 3308,
          "ThreadID": 4008
        }
      },
      "Channel": "Microsoft-Windows-Sysmon/Operational",
      "Computer": "ar-win-dc.attackrange.local",
      "Security": {
        "#attributes": {
          "UserID": "S-1-5-18"
        }
      }
    },
    "EventData": {
      "RuleName": "-",
      "EventType": "DeleteKey",
      "UtcTime": "2025-10-26 00:11:12.865",
      "ProcessGuid": "5AA13A44-6720-68FD-3E3F-000000004002",
      "ProcessId": 6016,
      "Image": "C:\\Windows\\System32\\WindowsPowerShell\\v1.0\\powershell.exe",
      "TargetObject": "HKLM\\SOFTWARE\\Microsoft\\AMSI\\Providers\\{2781761E-28E0-4109-99FE-B9D127C57AFE}",
      "User": "ATTACKRANGE\\Administrator"
    }
  }
}
