{
  "Event": {
    "#attributes": {
      "xmlns": "http://schemas.microsoft.com/win/2004/08/events/event"
    },
    "System": {
      "Provider": {
        "#attributes": {
          "Name": "Microsoft-Windows-Sysmon",
          "Guid": "5770385F-C22A-43E0-BF4C-06F5698FFBD9"
        }
      },
      "EventID": 13,
      "Version": 2,
      "Level": 4,
      "Task": 13,
      "Opcode": 0,
      "Keywords": "0x8000000000000000",
      "TimeCreated": {
        "#attributes": {
          "SystemTime": "2020-12-18T17:56:07.017817Z"
        }
      },
      "EventRecordID": 596571,
      "Correlation": null,
      "Execution": {
        "#attributes": {
          "ProcessID": 3552,
          "ThreadID": 5004
        }
      },
      "Channel": "Microsoft-Windows-Sysmon/Operational",
      "Computer": "MSEDGEWIN10",
      "Security": {
        "#attributes": {
          "UserID": "S-1-5-18"
        }
      }
    },
    "EventData": {
      "RuleName": "Hidden Local Account Created",
      "EventType": "SetValue",
      "UtcTime": "2020-12-18 17:56:07.015",
      "ProcessGuid": "747F3D96-68DD-5FDD-0000-00101B660000",
      "ProcessId": 648,
      "Image": "C:\\Windows\\system32\\lsass.exe",
      "TargetObject": "HKLM\\SAM\\SAM\\Domains\\Account\\Users\\Names\\hideme0007$\\(Default)",
      "Details": "Binary Data"
    }
  }
}
