{
  "Event": {
    "#attributes": {
      "xmlns": "http://schemas.microsoft.com/win/2004/08/events/event"
    },
    "System": {
      "Provider": {
        "#attributes": {
          "Name": "Microsoft-Windows-Sysmon",
          "Guid": "5770385F-C22A-43E0-BF4C-06F5698FFBD9"
        }
      },
      "EventID": 11,
      "Version": 2,
      "Level": 4,
      "Task": 11,
      "Opcode": 0,
      "Keywords": "0x8000000000000000",
      "TimeCreated": {
        "#attributes": {
          "SystemTime": "2025-10-24T23:39:53.705006Z"
        }
      },
      "EventRecordID": 22566,
      "Correlation": null,
      "Execution": {
        "#attributes": {
          "ProcessID": 3308,
          "ThreadID": 4008
        }
      },
      "Channel": "Microsoft-Windows-Sysmon/Operational",
      "Computer": "ar-win-dc.attackrange.local",
      "Security": {
        "#attributes": {
          "UserID": "S-1-5-18"
        }
      }
    },
    "EventData": {
      "RuleName": "-",
      "UtcTime": "2025-10-24 23:39:53.699",
      "ProcessGuid": "5AA13A44-D070-68FB-1A18-000000004002",
      "ProcessId": 7680,
      "Image": "C:\\Windows\\explorer.exe",
      "TargetFilename": "C:\\Windows\\apppatch\\CustomSDB\\my_custom.sdb",
      "CreationUtcTime": "2025-10-24 23:39:53.699",
      "User": "ATTACKRANGE\\Administrator"
    }
  }
}
