{
  "Event": {
    "#attributes": {
      "xmlns": "http://schemas.microsoft.com/win/2004/08/events/event"
    },
    "System": {
      "Provider": {
        "#attributes": {
          "Name": "Microsoft-Windows-Sysmon",
          "Guid": "5770385F-C22A-43E0-BF4C-06F5698FFBD9"
        }
      },
      "EventID": 1,
      "Version": 5,
      "Level": 4,
      "Task": 1,
      "Opcode": 0,
      "Keywords": "0x8000000000000000",
      "TimeCreated": {
        "#attributes": {
          "SystemTime": "2025-10-23T09:37:40.974119Z"
        }
      },
      "EventRecordID": 650014,
      "Correlation": null,
      "Execution": {
        "#attributes": {
          "ProcessID": 3076,
          "ThreadID": 4936
        }
      },
      "Channel": "Microsoft-Windows-Sysmon/Operational",
      "Computer": "srv-01.midgardnet.tech",
      "Security": {
        "#attributes": {
          "UserID": "S-1-5-18"
        }
      }
    },
    "EventData": {
      "RuleName": "-",
      "UtcTime": "2025-10-23 09:37:40.972",
      "ProcessGuid": "14207D89-F764-68F9-2410-000000003F02",
      "ProcessId": 4316,
      "Image": "C:\\Users\\SwachchhandaP\\Downloads\\AdFind\\AdFind.exe",
      "FileVersion": "1.62.0.6172",
      "Description": "-",
      "Product": "AdFind",
      "Company": "www.joeware.net",
      "OriginalFileName": "AdFind.exe",
      "CommandLine": "AdFind.exe   -default -s base lockoutduration lockoutthreshold lockoutobservationwindow maxpwdage minpwdage minpwdlength pwdhistorylength pwdproperties",
      "CurrentDirectory": "C:\\Users\\SwachchhandaP\\Downloads\\AdFind\\",
      "User": "MIDGARDNET\\SwachchhandaP",
      "LogonGuid": "14207D89-91E6-68F9-0F94-460000000000",
      "LogonId": "0x46940f",
      "TerminalSessionId": 2,
      "IntegrityLevel": "Medium",
      "Hashes": "MD5=B0C4A9C1D8C4641A161B3DBF111454DF,SHA256=484DD00E85C033FBFD506B956AC0ACD29B30F239755ED753A2788A842425B384,IMPHASH=680DAD9E300346E05A85023965867201",
      "ParentProcessGuid": "14207D89-F57C-68F9-D70F-000000003F02",
      "ParentProcessId": 6488,
      "ParentImage": "C:\\Windows\\System32\\cmd.exe",
      "ParentCommandLine": "\"C:\\Windows\\System32\\cmd.exe\"",
      "ParentUser": "MIDGARDNET\\SwachchhandaP"
    }
  }
}
