{
  "Event": {
    "#attributes": {
      "xmlns": "http://schemas.microsoft.com/win/2004/08/events/event"
    },
    "System": {
      "Provider": {
        "#attributes": {
          "Name": "Microsoft-Windows-Sysmon",
          "Guid": "5770385F-C22A-43E0-BF4C-06F5698FFBD9"
        }
      },
      "EventID": 12,
      "Version": 2,
      "Level": 4,
      "Task": 12,
      "Opcode": 0,
      "Keywords": "0x8000000000000000",
      "TimeCreated": {
        "#attributes": {
          "SystemTime": "2025-10-25T00:01:54.872810Z"
        }
      },
      "EventRecordID": 155709,
      "Correlation": null,
      "Execution": {
        "#attributes": {
          "ProcessID": 3308,
          "ThreadID": 4008
        }
      },
      "Channel": "Microsoft-Windows-Sysmon/Operational",
      "Computer": "ar-win-dc.attackrange.local",
      "Security": {
        "#attributes": {
          "UserID": "S-1-5-18"
        }
      }
    },
    "EventData": {
      "RuleName": "-",
      "EventType": "DeleteValue",
      "UtcTime": "2025-10-25 00:01:54.861",
      "ProcessGuid": "5AA13A44-1372-68FC-A51E-000000004002",
      "ProcessId": 7008,
      "Image": "C:\\Windows\\system32\\reg.exe",
      "TargetObject": "HKLM\\SOFTWARE\\Microsoft\\Windows NT\\CurrentVersion\\Schedule\\TaskCache\\Tree\\MaliciousTask\\SD",
      "User": "NT AUTHORITY\\SYSTEM"
    }
  }
}
