{
  "Event": {
    "#attributes": {
      "xmlns": "http://schemas.microsoft.com/win/2004/08/events/event"
    },
    "System": {
      "Provider": {
        "#attributes": {
          "Name": "Microsoft-Windows-Sysmon",
          "Guid": "5770385F-C22A-43E0-BF4C-06F5698FFBD9"
        }
      },
      "EventID": 13,
      "Version": 2,
      "Level": 4,
      "Task": 13,
      "Opcode": 0,
      "Keywords": "0x8000000000000000",
      "TimeCreated": {
        "#attributes": {
          "SystemTime": "2025-12-25T10:58:31.890479Z"
        }
      },
      "EventRecordID": 16031,
      "Correlation": null,
      "Execution": {
        "#attributes": {
          "ProcessID": 3208,
          "ThreadID": 1724
        }
      },
      "Channel": "Microsoft-Windows-Sysmon/Operational",
      "Computer": "swachchhanda",
      "Security": {
        "#attributes": {
          "UserID": "S-1-5-18"
        }
      }
    },
    "EventData": {
      "RuleName": "-",
      "EventType": "SetValue",
      "UtcTime": "2025-12-25 10:58:31.888",
      "ProcessGuid": "0197231E-EC48-694C-AA0C-000000000800",
      "ProcessId": 12456,
      "Image": "C:\\Windows\\System32\\WindowsPowerShell\\v1.0\\powershell.exe",
      "TargetObject": "HKU\\S-1-5-21-2555720767-1205513275-3893774561-1001\\Software\\Microsoft\\Windows Script\\Settings\\AmsiEnable",
      "Details": "DWORD (0x00000000)",
      "User": "swachchhanda\\xodih"
    }
  }
}
