{
  "Event": {
    "#attributes": {
      "xmlns": "http://schemas.microsoft.com/win/2004/08/events/event"
    },
    "System": {
      "Provider": {
        "#attributes": {
          "Name": "Microsoft-Windows-Sysmon",
          "Guid": "5770385F-C22A-43E0-BF4C-06F5698FFBD9"
        }
      },
      "EventID": 1,
      "Version": 5,
      "Level": 4,
      "Task": 1,
      "Opcode": 0,
      "Keywords": "0x8000000000000000",
      "TimeCreated": {
        "#attributes": {
          "SystemTime": "2025-12-25T14:30:27.369114Z"
        }
      },
      "EventRecordID": 16094,
      "Correlation": null,
      "Execution": {
        "#attributes": {
          "ProcessID": 3208,
          "ThreadID": 1724
        }
      },
      "Channel": "Microsoft-Windows-Sysmon/Operational",
      "Computer": "swachchhanda",
      "Security": {
        "#attributes": {
          "UserID": "S-1-5-18"
        }
      }
    },
    "EventData": {
      "RuleName": "-",
      "UtcTime": "2025-12-25 14:30:27.352",
      "ProcessGuid": "0197231E-4A83-694D-9E0E-000000000800",
      "ProcessId": 14144,
      "Image": "C:\\Windows\\System32\\reg.exe",
      "FileVersion": "10.0.26100.1 (WinBuild.160101.0800)",
      "Description": "Registry Console Tool",
      "Product": "Microsoft® Windows® Operating System",
      "Company": "Microsoft Corporation",
      "OriginalFileName": "reg.exe",
      "CommandLine": "\"C:\\WINDOWS\\system32\\reg.exe\" add \"HKCU\\Software\\Microsoft\\Windows Script\\Settings\" /v AmsiEnable /t REG_DWORD /d 0 /f",
      "CurrentDirectory": "C:\\WINDOWS\\system32\\",
      "User": "swachchhanda\\xodih",
      "LogonGuid": "0197231E-AB9F-67AA-4C14-030000000000",
      "LogonId": "0x3144c",
      "TerminalSessionId": 1,
      "IntegrityLevel": "High",
      "Hashes": "MD5=573EB13AC2BA31E9C2E17FB6DAD14154,SHA256=E295E776FD4F7F73DFAAA5698A19EA7A2F4A2F0C5E1681FAC94E45D00296C926,IMPHASH=A26BCB048DF34CBB422F2656F38634D0",
      "ParentProcessGuid": "0197231E-EC48-694C-AA0C-000000000800",
      "ParentProcessId": 12456,
      "ParentImage": "C:\\Windows\\System32\\WindowsPowerShell\\v1.0\\powershell.exe",
      "ParentCommandLine": "\"C:\\Windows\\System32\\WindowsPowerShell\\v1.0\\powershell.exe\"",
      "ParentUser": "swachchhanda\\xodih"
    }
  }
}
