{
  "Event": {
    "#attributes": {
      "xmlns": "http://schemas.microsoft.com/win/2004/08/events/event"
    },
    "System": {
      "Provider": {
        "#attributes": {
          "Name": "Microsoft-Windows-Sysmon",
          "Guid": "5770385F-C22A-43E0-BF4C-06F5698FFBD9"
        }
      },
      "EventID": 1,
      "Version": 5,
      "Level": 4,
      "Task": 1,
      "Opcode": 0,
      "Keywords": "0x8000000000000000",
      "TimeCreated": {
        "#attributes": {
          "SystemTime": "2025-10-25T13:44:33.440907Z"
        }
      },
      "EventRecordID": 8999629,
      "Correlation": null,
      "Execution": {
        "#attributes": {
          "ProcessID": 3308,
          "ThreadID": 4008
        }
      },
      "Channel": "Microsoft-Windows-Sysmon/Operational",
      "Computer": "ar-win-dc.attackrange.local",
      "Security": {
        "#attributes": {
          "UserID": "S-1-5-18"
        }
      }
    },
    "EventData": {
      "RuleName": "-",
      "UtcTime": "2025-10-25 13:44:33.433",
      "ProcessGuid": "5AA13A44-D441-68FC-E330-000000004002",
      "ProcessId": 7112,
      "Image": "C:\\Windows\\System32\\reg.exe",
      "FileVersion": "10.0.20348.1 (WinBuild.160101.0800)",
      "Description": "Registry Console Tool",
      "Product": "Microsoft® Windows® Operating System",
      "Company": "Microsoft Corporation",
      "OriginalFileName": "reg.exe",
      "CommandLine": "reg  query \"HKLM\\SOFTWARE\\Microsoft\\Windows NT\\CurrentVersion\" /v CurrentBuildNumber",
      "CurrentDirectory": "C:\\Users\\Administrator\\Downloads\\",
      "User": "ATTACKRANGE\\Administrator",
      "LogonGuid": "5AA13A44-568F-68FB-E39A-520000000000",
      "LogonId": "0x529ae3",
      "TerminalSessionId": 2,
      "IntegrityLevel": "High",
      "Hashes": "SHA1=E65FAA187D27D84106B78B909C06D405837EC64E,MD5=EB20E119AAF500E2752DC5A588B54C12,SHA256=C6A168C81654F5901E864C8FD61FA54F084CD8B2E0A8AC1B83EACF9EB4484F75,IMPHASH=E23A24F7BA9B35B3E9706724F6749860",
      "ParentProcessGuid": "5AA13A44-0FEC-68FC-281E-000000004002",
      "ParentProcessId": 6304,
      "ParentImage": "C:\\Windows\\System32\\cmd.exe",
      "ParentCommandLine": "\"C:\\Windows\\System32\\cmd.exe\"",
      "ParentUser": "ATTACKRANGE\\Administrator"
    }
  }
}
