{
  "Event": {
    "#attributes": {
      "xmlns": "http://schemas.microsoft.com/win/2004/08/events/event"
    },
    "System": {
      "Provider": {
        "#attributes": {
          "Name": "Microsoft-Windows-Sysmon",
          "Guid": "5770385F-C22A-43E0-BF4C-06F5698FFBD9"
        }
      },
      "EventID": 1,
      "Version": 5,
      "Level": 4,
      "Task": 1,
      "Opcode": 0,
      "Keywords": "0x8000000000000000",
      "TimeCreated": {
        "#attributes": {
          "SystemTime": "2025-10-27T00:04:12.105550Z"
        }
      },
      "EventRecordID": 33630917,
      "Correlation": null,
      "Execution": {
        "#attributes": {
          "ProcessID": 3380,
          "ThreadID": 4420
        }
      },
      "Channel": "Microsoft-Windows-Sysmon/Operational",
      "Computer": "ar-win-dc.attackrange.local",
      "Security": {
        "#attributes": {
          "UserID": "S-1-5-18"
        }
      }
    },
    "EventData": {
      "RuleName": "-",
      "UtcTime": "2025-10-27 00:04:12.104",
      "ProcessGuid": "5AA13A44-B6FC-68FE-0802-000000004102",
      "ProcessId": 2524,
      "Image": "C:\\Program Files\\DTrace\\dtrace.exe",
      "FileVersion": "10.0.22621.1 (WinBuild.160101.0800)",
      "Description": "DTrace/NT",
      "Product": "Microsoft® Windows® Operating System",
      "Company": "Microsoft Corporation",
      "OriginalFileName": "dtrace.exe",
      "CommandLine": "dtrace.exe  -w \"syscall:::return {lkd(0); exit(0);}\"",
      "CurrentDirectory": "C:\\Program Files\\DTrace\\",
      "User": "ATTACKRANGE\\Administrator",
      "LogonGuid": "5AA13A44-B54F-68FE-E547-0C0000000000",
      "LogonId": "0xc47e5",
      "TerminalSessionId": 2,
      "IntegrityLevel": "High",
      "Hashes": "SHA1=5ECD16526AB7288C9910692B3BC73041605CD0CF,MD5=AE913F95E1F94B071DED1FFBB60EDDBD,SHA256=75C00C03BB318FCDB329D29E705C7815E14E48C801D6322984C899FAEDDBBF55,IMPHASH=DC497C8CA3DFCDF940058114BA89B413",
      "ParentProcessGuid": "5AA13A44-B6AD-68FE-FC01-000000004102",
      "ParentProcessId": 10508,
      "ParentImage": "C:\\Windows\\System32\\cmd.exe",
      "ParentCommandLine": "\"C:\\Windows\\system32\\cmd.exe\"",
      "ParentUser": "ATTACKRANGE\\Administrator"
    }
  }
}
{
  "Event": {
    "#attributes": {
      "xmlns": "http://schemas.microsoft.com/win/2004/08/events/event"
    },
    "System": {
      "Provider": {
        "#attributes": {
          "Name": "Microsoft-Windows-Sysmon",
          "Guid": "5770385F-C22A-43E0-BF4C-06F5698FFBD9"
        }
      },
      "EventID": 1,
      "Version": 5,
      "Level": 4,
      "Task": 1,
      "Opcode": 0,
      "Keywords": "0x8000000000000000",
      "TimeCreated": {
        "#attributes": {
          "SystemTime": "2025-10-27T00:04:13.045253Z"
        }
      },
      "EventRecordID": 33630948,
      "Correlation": null,
      "Execution": {
        "#attributes": {
          "ProcessID": 3380,
          "ThreadID": 4420
        }
      },
      "Channel": "Microsoft-Windows-Sysmon/Operational",
      "Computer": "ar-win-dc.attackrange.local",
      "Security": {
        "#attributes": {
          "UserID": "S-1-5-18"
        }
      }
    },
    "EventData": {
      "RuleName": "-",
      "UtcTime": "2025-10-27 00:04:13.044",
      "ProcessGuid": "5AA13A44-B6FD-68FE-0902-000000004102",
      "ProcessId": 7748,
      "Image": "C:\\Program Files\\DTrace\\dtrace.exe",
      "FileVersion": "10.0.22621.1 (WinBuild.160101.0800)",
      "Description": "DTrace/NT",
      "Product": "Microsoft® Windows® Operating System",
      "Company": "Microsoft Corporation",
      "OriginalFileName": "dtrace.exe",
      "CommandLine": "dtrace.exe  -w -n \"syscall:::return {lkd(0); exit(0);}\"",
      "CurrentDirectory": "C:\\Program Files\\DTrace\\",
      "User": "ATTACKRANGE\\Administrator",
      "LogonGuid": "5AA13A44-B54F-68FE-E547-0C0000000000",
      "LogonId": "0xc47e5",
      "TerminalSessionId": 2,
      "IntegrityLevel": "High",
      "Hashes": "SHA1=5ECD16526AB7288C9910692B3BC73041605CD0CF,MD5=AE913F95E1F94B071DED1FFBB60EDDBD,SHA256=75C00C03BB318FCDB329D29E705C7815E14E48C801D6322984C899FAEDDBBF55,IMPHASH=DC497C8CA3DFCDF940058114BA89B413",
      "ParentProcessGuid": "5AA13A44-B6AD-68FE-FC01-000000004102",
      "ParentProcessId": 10508,
      "ParentImage": "C:\\Windows\\System32\\cmd.exe",
      "ParentCommandLine": "\"C:\\Windows\\system32\\cmd.exe\"",
      "ParentUser": "ATTACKRANGE\\Administrator"
    }
  }
}
