{
  "Event": {
    "#attributes": {
      "xmlns": "http://schemas.microsoft.com/win/2004/08/events/event"
    },
    "System": {
      "Provider": {
        "#attributes": {
          "Name": "Microsoft-Windows-Sysmon",
          "Guid": "5770385F-C22A-43E0-BF4C-06F5698FFBD9"
        }
      },
      "EventID": 7,
      "Version": 3,
      "Level": 4,
      "Task": 7,
      "Opcode": 0,
      "Keywords": "0x8000000000000000",
      "TimeCreated": {
        "#attributes": {
          "SystemTime": "2025-11-27T07:57:32.309580Z"
        }
      },
      "EventRecordID": 676402,
      "Correlation": null,
      "Execution": {
        "#attributes": {
          "ProcessID": 3544,
          "ThreadID": 4264
        }
      },
      "Channel": "Microsoft-Windows-Sysmon/Operational",
      "Computer": "swachchhanda",
      "Security": {
        "#attributes": {
          "UserID": "S-1-5-18"
        }
      }
    },
    "EventData": {
      "RuleName": "-",
      "UtcTime": "2025-11-27 07:57:32.308",
      "ProcessGuid": "0197231E-046C-6928-160C-000000000D00",
      "ProcessId": 296,
      "Image": "C:\\Users\\Public\\wsass\\WerFaultSecure.exe",
      "ImageLoaded": "C:\\Windows\\System32\\dbgcore.dll",
      "FileVersion": "10.0.26100.7019 (WinBuild.160101.0800)",
      "Description": "Windows Core Debugging Helpers",
      "Product": "Microsoft® Windows® Operating System",
      "Company": "Microsoft Corporation",
      "OriginalFileName": "DBGCORE.DLL",
      "Hashes": "SHA1=5E4F2C531C549BB72A658ED9DD16D491EDDBB286,MD5=FAB4B30C1C4F0A9202A7B42DCF1729DC,SHA256=1B48A4F8D20026E6C56E3AB4CC4788FA6425C8A75F8D91C2869FA533DE6B209E,IMPHASH=C324AAAC01F0F75C811E1F80C41B860C",
      "Signed": "true",
      "Signature": "Microsoft Windows",
      "SignatureStatus": "Valid",
      "User": "swachchhanda\\xodih"
    }
  }
}
