{
  "Event": {
    "#attributes": {
      "xmlns": "http://schemas.microsoft.com/win/2004/08/events/event"
    },
    "System": {
      "Provider": {
        "#attributes": {
          "Name": "Microsoft-Windows-Sysmon",
          "Guid": "5770385F-C22A-43E0-BF4C-06F5698FFBD9"
        }
      },
      "EventID": 1,
      "Version": 5,
      "Level": 4,
      "Task": 1,
      "Opcode": 0,
      "Keywords": "0x8000000000000000",
      "TimeCreated": {
        "#attributes": {
          "SystemTime": "2025-10-25T17:32:06.432272Z"
        }
      },
      "EventRecordID": 11973062,
      "Correlation": null,
      "Execution": {
        "#attributes": {
          "ProcessID": 3308,
          "ThreadID": 4008
        }
      },
      "Channel": "Microsoft-Windows-Sysmon/Operational",
      "Computer": "ar-win-dc.attackrange.local",
      "Security": {
        "#attributes": {
          "UserID": "S-1-5-18"
        }
      }
    },
    "EventData": {
      "RuleName": "-",
      "UtcTime": "2025-10-25 17:32:06.421",
      "ProcessGuid": "5AA13A44-0996-68FD-3A36-000000004002",
      "ProcessId": 2876,
      "Image": "C:\\Windows\\System32\\cipher.exe",
      "FileVersion": "10.0.20348.1 (WinBuild.160101.0800)",
      "Description": "File Encryption Utility",
      "Product": "Microsoft® Windows® Operating System",
      "Company": "Microsoft Corporation",
      "OriginalFileName": "CIPHER.EXE",
      "CommandLine": "cipher.exe  /w:C:",
      "CurrentDirectory": "C:\\Users\\Administrator\\Downloads\\",
      "User": "ATTACKRANGE\\Administrator",
      "LogonGuid": "5AA13A44-568F-68FB-E39A-520000000000",
      "LogonId": "0x529ae3",
      "TerminalSessionId": 2,
      "IntegrityLevel": "High",
      "Hashes": "SHA1=5747F6E48C899AEE54E4153AC8A8B61E741F45E2,MD5=3D7D3EEDD055EFF0C7995491466A7EB7,SHA256=6E04AD8A79A7D794438E197606AB78B079929D941FE99DD5159702694F7ACE77,IMPHASH=E83B4C457AFD5EEA31874B00E8A3A956",
      "ParentProcessGuid": "5AA13A44-0FEC-68FC-281E-000000004002",
      "ParentProcessId": 6304,
      "ParentImage": "C:\\Windows\\System32\\cmd.exe",
      "ParentCommandLine": "\"C:\\Windows\\System32\\cmd.exe\"",
      "ParentUser": "ATTACKRANGE\\Administrator"
    }
  }
}
